sensor,duration,checks,passes,counterexamples,conformance_rate
DCO2EXT,20,100,100,0,1.0
DCO2EXT,25,100,100,0,1.0
DCO2EXT,30,100,100,0,1.0
DCO2EXT,35,71,71,0,1.0
DCO2EXT,40,31,31,0,1.0
DHEXT,16,100,77,23,0.77
DHEXT,20,100,82,18,0.82
DHEXT,23,100,77,23,0.77
DHEXT,27,100,76,24,0.76
DHEXT,30,100,78,22,0.78
DTEXT,40,31,11,20,0.3548387096774194
DTEXT,45,9,2,7,0.2222222222222222
DTEXT,50,6,2,4,0.3333333333333333
DTEXT,55,2,1,1,0.5
DTEXT,60,1,0,1,0.0
DVEXT,20,100,62,38,0.62
DVEXT,30,100,54,46,0.54
DVEXT,40,31,17,14,0.5483870967741935
DVEXT,50,6,4,2,0.6666666666666666
DVEXT,60,1,1,0,1.0
XCO2INT,20,100,100,0,1.0
XCO2INT,30,100,100,0,1.0
XCO2INT,40,31,31,0,1.0
XCO2INT,50,6,6,0,1.0
XCO2INT,60,1,1,0,1.0
XGRINT,20,100,0,100,0.0
XGRINT,30,58,0,58,0.0
XGRINT,40,18,0,18,0.0
XGRINT,50,4,0,4,0.0
XGRINT,60,1,0,1,0.0
XHINT,16,100,49,51,0.49
XHINT,20,100,50,50,0.5
XHINT,23,100,45,55,0.45
XHINT,27,100,49,51,0.49
XHINT,30,100,39,61,0.39
XTINT,40,31,13,18,0.4193548387096774
XTINT,45,9,2,7,0.2222222222222222
XTINT,50,6,2,4,0.3333333333333333
XTINT,55,2,1,1,0.5
XTINT,60,1,1,0,1.0
