summary,property,pass,fail,valid_property_checks,conformance_rate,counterexample_rate,cr_ci95_low,cr_ci95_high,paper_sensor,theta_sensor,theta_duration,ss_configuration,rq3_supported,checks,theta_magnitude,theta_direction,theta_alpha,theta_dynamic,theta_ratio,theta_co2,theta_delta,cd_pair_paper,cd_correlation_sign,cd_reference_side,cd_reference_severity,theta_cardinality
property,CA,1490,10,1500,0.9933333333333333,0.006666666666666667,0.9877715110569365,0.9963747839658177,,,,,,,,,,,,,,,,,,
property,CD,326,1274,1600,0.20375,0.79625,0.18473433631161307,0.22418479669479696,,,,,,,,,,,,,,,,,,
property,MV,4500,0,4500,1.0,0.0,0.999147070593888,0.9999999999999999,,,,,,,,,,,,,,,,,,
property,N,5470,530,6000,0.9116666666666666,0.08833333333333333,0.9042202660552988,0.9185862710397595,,,,,,,,,,,,,,,,,,
property,ORV,7200,0,7200,1.0,0.0,0.9994667485614926,0.9999999999999999,,,,,,,,,,,,,,,,,,
property,PSF,3810,0,3810,1.0,0.0,0.998992758649731,0.9999999999999999,,,,,,,,,,,,,,,,,,
property,SS,1435,722,2157,0.665275846082522,0.33472415391747795,0.6450831562253416,0.6848808941632178,,,,,,,,,,,,,,,,,,
mv_by_sensor,,500,0,500,1.0,0.0,0.9923756595384479,1.0,DCO2EXT,PCO2EXT,,,,,,,,,,,,,,,,
mv_by_sensor,,500,0,500,1.0,0.0,0.9923756595384479,1.0,DGREXT,PRAD,,,,,,,,,,,,,,,,
mv_by_sensor,,500,0,500,1.0,0.0,0.9923756595384479,1.0,DHEXT,PHEXT,,,,,,,,,,,,,,,,
mv_by_sensor,,500,0,500,1.0,0.0,0.9923756595384479,1.0,DTEXT,PTEXT,,,,,,,,,,,,,,,,
mv_by_sensor,,500,0,500,1.0,0.0,0.9923756595384479,1.0,DVEXT,PVV,,,,,,,,,,,,,,,,
mv_by_sensor,,500,0,500,1.0,0.0,0.9923756595384479,1.0,XCO2INT,XCO2I,,,,,,,,,,,,,,,,
mv_by_sensor,,500,0,500,1.0,0.0,0.9923756595384479,1.0,XGRINT,PRGINT,,,,,,,,,,,,,,,,
mv_by_sensor,,500,0,500,1.0,0.0,0.9923756595384479,1.0,XHINT,XHINV,,,,,,,,,,,,,,,,
mv_by_sensor,,500,0,500,1.0,0.0,0.9923756595384479,1.0,XTINT,XTINV,,,,,,,,,,,,,,,,
ss_by_sensor_duration,,100,0,100,1.0,0.0,0.9630065017930143,1.0,DCO2EXT,PCO2EXT,20.0,PCO2EXT|duration=20,True,100.0,,,,,,,,,,,,
ss_by_sensor_duration,,100,0,100,1.0,0.0,0.9630065017930143,1.0,DCO2EXT,PCO2EXT,25.0,PCO2EXT|duration=25,True,100.0,,,,,,,,,,,,
ss_by_sensor_duration,,100,0,100,1.0,0.0,0.9630065017930143,1.0,DCO2EXT,PCO2EXT,30.0,PCO2EXT|duration=30,True,100.0,,,,,,,,,,,,
ss_by_sensor_duration,,71,0,71,1.0,0.0,0.9486720478031097,1.0,DCO2EXT,PCO2EXT,35.0,PCO2EXT|duration=35,True,71.0,,,,,,,,,,,,
ss_by_sensor_duration,,31,0,31,1.0,0.0,0.889744604539564,1.0,DCO2EXT,PCO2EXT,40.0,PCO2EXT|duration=40,True,31.0,,,,,,,,,,,,
ss_by_sensor_duration,,77,23,100,0.77,0.23,0.6784561697712622,0.8415673411969654,DHEXT,PHEXT,16.0,PHEXT|duration=16,True,100.0,,,,,,,,,,,,
ss_by_sensor_duration,,82,18,100,0.82,0.18,0.7333264161369926,0.8829977450105364,DHEXT,PHEXT,20.0,PHEXT|duration=20,True,100.0,,,,,,,,,,,,
ss_by_sensor_duration,,77,23,100,0.77,0.23,0.6784561697712622,0.8415673411969654,DHEXT,PHEXT,23.0,PHEXT|duration=23,True,100.0,,,,,,,,,,,,
ss_by_sensor_duration,,76,24,100,0.76,0.24,0.6676766365018553,0.8330867444305122,DHEXT,PHEXT,27.0,PHEXT|duration=27,True,100.0,,,,,,,,,,,,
ss_by_sensor_duration,,78,22,100,0.78,0.22,0.6892964648501421,0.8499871761539459,DHEXT,PHEXT,30.0,PHEXT|duration=30,True,100.0,,,,,,,,,,,,
ss_by_sensor_duration,,11,20,31,0.3548387096774194,0.6451612903225806,0.21116659093865403,0.5305204593563113,DTEXT,PTEXT,40.0,PTEXT|duration=40,True,31.0,,,,,,,,,,,,
ss_by_sensor_duration,,2,7,9,0.2222222222222222,0.7777777777777778,0.06322510711784671,0.5474110308930111,DTEXT,PTEXT,45.0,PTEXT|duration=45,False,9.0,,,,,,,,,,,,
ss_by_sensor_duration,,2,4,6,0.3333333333333333,0.6666666666666666,0.09677141110578041,0.700006684861608,DTEXT,PTEXT,50.0,PTEXT|duration=50,False,6.0,,,,,,,,,,,,
ss_by_sensor_duration,,1,1,2,0.5,0.5,0.09453120573423074,0.9054687942657693,DTEXT,PTEXT,55.0,PTEXT|duration=55,False,2.0,,,,,,,,,,,,
ss_by_sensor_duration,,0,1,1,0.0,1.0,0.0,0.7934506856227626,DTEXT,PTEXT,60.0,PTEXT|duration=60,False,1.0,,,,,,,,,,,,
ss_by_sensor_duration,,62,38,100,0.62,0.38,0.5220975529551107,0.7090240074752127,DVEXT,PVV,20.0,PVV|duration=20,True,100.0,,,,,,,,,,,,
ss_by_sensor_duration,,54,46,100,0.54,0.46,0.44264860323368227,0.6343919169097589,DVEXT,PVV,30.0,PVV|duration=30,True,100.0,,,,,,,,,,,,
ss_by_sensor_duration,,17,14,31,0.5483870967741935,0.45161290322580644,0.37772167637354503,0.7083826401947998,DVEXT,PVV,40.0,PVV|duration=40,True,31.0,,,,,,,,,,,,
ss_by_sensor_duration,,4,2,6,0.6666666666666666,0.3333333333333333,0.299993315138392,0.9032285888942195,DVEXT,PVV,50.0,PVV|duration=50,False,6.0,,,,,,,,,,,,
ss_by_sensor_duration,,1,0,1,1.0,0.0,0.20654931437723745,1.0,DVEXT,PVV,60.0,PVV|duration=60,False,1.0,,,,,,,,,,,,
ss_by_sensor_duration,,100,0,100,1.0,0.0,0.9630065017930143,1.0,XCO2INT,XCO2I,20.0,XCO2I|duration=20,True,100.0,,,,,,,,,,,,
ss_by_sensor_duration,,100,0,100,1.0,0.0,0.9630065017930143,1.0,XCO2INT,XCO2I,30.0,XCO2I|duration=30,True,100.0,,,,,,,,,,,,
ss_by_sensor_duration,,31,0,31,1.0,0.0,0.889744604539564,1.0,XCO2INT,XCO2I,40.0,XCO2I|duration=40,True,31.0,,,,,,,,,,,,
ss_by_sensor_duration,,6,0,6,1.0,0.0,0.6096657120978346,1.0,XCO2INT,XCO2I,50.0,XCO2I|duration=50,False,6.0,,,,,,,,,,,,
ss_by_sensor_duration,,1,0,1,1.0,0.0,0.20654931437723745,1.0,XCO2INT,XCO2I,60.0,XCO2I|duration=60,False,1.0,,,,,,,,,,,,
ss_by_sensor_duration,,0,100,100,0.0,1.0,3.469446951953614e-18,0.03699349820698568,XGRINT,PRGINT,20.0,PRGINT|duration=20,True,100.0,,,,,,,,,,,,
ss_by_sensor_duration,,0,58,58,0.0,1.0,0.0,0.062117855787202914,XGRINT,PRGINT,30.0,PRGINT|duration=30,True,58.0,,,,,,,,,,,,
ss_by_sensor_duration,,0,18,18,0.0,1.0,0.0,0.17587922364665765,XGRINT,PRGINT,40.0,PRGINT|duration=40,False,18.0,,,,,,,,,,,,
ss_by_sensor_duration,,0,4,4,0.0,1.0,0.0,0.4898908364545973,XGRINT,PRGINT,50.0,PRGINT|duration=50,False,4.0,,,,,,,,,,,,
ss_by_sensor_duration,,0,1,1,0.0,1.0,0.0,0.7934506856227626,XGRINT,PRGINT,60.0,PRGINT|duration=60,False,1.0,,,,,,,,,,,,
ss_by_sensor_duration,,49,51,100,0.49,0.51,0.3942199893044113,0.5865198806597283,XHINT,XHINV,16.0,XHINV|duration=16,True,100.0,,,,,,,,,,,,
ss_by_sensor_duration,,50,50,100,0.5,0.5,0.4038315303659956,0.5961684696340044,XHINT,XHINV,20.0,XHINV|duration=20,True,100.0,,,,,,,,,,,,
ss_by_sensor_duration,,45,55,100,0.45,0.55,0.3561453797951198,0.5475539700255787,XHINT,XHINV,23.0,XHINV|duration=23,True,100.0,,,,,,,,,,,,
ss_by_sensor_duration,,49,51,100,0.49,0.51,0.3942199893044113,0.5865198806597283,XHINT,XHINV,27.0,XHINV|duration=27,True,100.0,,,,,,,,,,,,
ss_by_sensor_duration,,39,61,100,0.39,0.61,0.3001687400639441,0.4879698295415926,XHINT,XHINV,30.0,XHINV|duration=30,True,100.0,,,,,,,,,,,,
ss_by_sensor_duration,,13,18,31,0.41935483870967744,0.5806451612903226,0.2641554306731223,0.5923373750463029,XTINT,XTINV,40.0,XTINV|duration=40,True,31.0,,,,,,,,,,,,
ss_by_sensor_duration,,2,7,9,0.2222222222222222,0.7777777777777778,0.06322510711784671,0.5474110308930111,XTINT,XTINV,45.0,XTINV|duration=45,False,9.0,,,,,,,,,,,,
ss_by_sensor_duration,,2,4,6,0.3333333333333333,0.6666666666666666,0.09677141110578041,0.700006684861608,XTINT,XTINV,50.0,XTINV|duration=50,False,6.0,,,,,,,,,,,,
ss_by_sensor_duration,,1,1,2,0.5,0.5,0.09453120573423074,0.9054687942657693,XTINT,XTINV,55.0,XTINV|duration=55,False,2.0,,,,,,,,,,,,
ss_by_sensor_duration,,1,0,1,1.0,0.0,0.20654931437723745,1.0,XTINT,XTINV,60.0,XTINV|duration=60,False,1.0,,,,,,,,,,,,
noise_by_sensor_magnitude_direction,,57,23,80,0.7125,0.2875,0.6053965378701002,0.8001307570773007,DCO2EXT,PCO2EXT,,,,,25.0,-1,,,,,,,,,,
noise_by_sensor_magnitude_direction,,50,30,80,0.625,0.375,0.5154872546314301,0.7230582129846882,DCO2EXT,PCO2EXT,,,,,25.0,1,,,,,,,,,,
noise_by_sensor_magnitude_direction,,76,4,80,0.95,0.05,0.8783772379535698,0.9803864454644556,DCO2EXT,PCO2EXT,,,,,37.5,-1,,,,,,,,,,
noise_by_sensor_magnitude_direction,,63,17,80,0.7875,0.2125,0.6857784426940333,0.8628761328230384,DCO2EXT,PCO2EXT,,,,,37.5,1,,,,,,,,,,
noise_by_sensor_magnitude_direction,,80,0,80,1.0,0.0,0.9541818704644728,0.9999999999999999,DCO2EXT,PCO2EXT,,,,,50.0,-1,,,,,,,,,,
noise_by_sensor_magnitude_direction,,80,0,80,1.0,0.0,0.9541818704644728,0.9999999999999999,DCO2EXT,PCO2EXT,,,,,50.0,1,,,,,,,,,,
noise_by_sensor_magnitude_direction,,79,1,80,0.9875,0.0125,0.9325372992233133,0.9977900244795476,DCO2EXT,PCO2EXT,,,,,62.5,-1,,,,,,,,,,
noise_by_sensor_magnitude_direction,,78,2,80,0.975,0.025,0.9133556701442198,0.9931171067970292,DCO2EXT,PCO2EXT,,,,,62.5,1,,,,,,,,,,
noise_by_sensor_magnitude_direction,,80,0,80,1.0,0.0,0.9541818704644728,0.9999999999999999,DCO2EXT,PCO2EXT,,,,,75.0,-1,,,,,,,,,,
noise_by_sensor_magnitude_direction,,80,0,80,1.0,0.0,0.9541818704644728,0.9999999999999999,DCO2EXT,PCO2EXT,,,,,75.0,1,,,,,,,,,,
noise_by_sensor_magnitude_direction,,75,5,80,0.9375,0.0625,0.8618985123272557,0.973010624329158,DGREXT,PRAD,,,,,150.0,1,,,,,,,,,,
noise_by_sensor_magnitude_direction,,75,5,80,0.9375,0.0625,0.8618985123272557,0.973010624329158,DGREXT,PRAD,,,,,237.5,1,,,,,,,,,,
noise_by_sensor_magnitude_direction,,78,2,80,0.975,0.025,0.9133556701442198,0.9931171067970292,DGREXT,PRAD,,,,,325.0,1,,,,,,,,,,
noise_by_sensor_magnitude_direction,,78,2,80,0.975,0.025,0.9133556701442198,0.9931171067970292,DGREXT,PRAD,,,,,412.5,1,,,,,,,,,,
noise_by_sensor_magnitude_direction,,75,5,80,0.9375,0.0625,0.8618985123272557,0.973010624329158,DGREXT,PRAD,,,,,500.0,1,,,,,,,,,,
noise_by_sensor_magnitude_direction,,69,11,80,0.8625,0.1375,0.7703289993301339,0.9214528567566089,DHEXT,PHEXT,,,,,10.0,-1,,,,,,,,,,
noise_by_sensor_magnitude_direction,,65,15,80,0.8125,0.1875,0.7134167737100688,0.8829468953302267,DHEXT,PHEXT,,,,,10.0,1,,,,,,,,,,
noise_by_sensor_magnitude_direction,,75,5,80,0.9375,0.0625,0.8618985123272557,0.973010624329158,DHEXT,PHEXT,,,,,13.75,-1,,,,,,,,,,
noise_by_sensor_magnitude_direction,,79,1,80,0.9875,0.0125,0.9325372992233133,0.9977900244795476,DHEXT,PHEXT,,,,,13.75,1,,,,,,,,,,
noise_by_sensor_magnitude_direction,,78,2,80,0.975,0.025,0.9133556701442198,0.9931171067970292,DHEXT,PHEXT,,,,,17.5,-1,,,,,,,,,,
noise_by_sensor_magnitude_direction,,80,0,80,1.0,0.0,0.9541818704644728,0.9999999999999999,DHEXT,PHEXT,,,,,17.5,1,,,,,,,,,,
noise_by_sensor_magnitude_direction,,79,1,80,0.9875,0.0125,0.9325372992233133,0.9977900244795476,DHEXT,PHEXT,,,,,21.25,-1,,,,,,,,,,
noise_by_sensor_magnitude_direction,,78,2,80,0.975,0.025,0.9133556701442198,0.9931171067970292,DHEXT,PHEXT,,,,,21.25,1,,,,,,,,,,
noise_by_sensor_magnitude_direction,,80,0,80,1.0,0.0,0.9541818704644728,0.9999999999999999,DHEXT,PHEXT,,,,,25.0,-1,,,,,,,,,,
noise_by_sensor_magnitude_direction,,79,1,80,0.9875,0.0125,0.9325372992233133,0.9977900244795476,DHEXT,PHEXT,,,,,25.0,1,,,,,,,,,,
noise_by_sensor_magnitude_direction,,71,9,80,0.8875,0.1125,0.7998178190762713,0.9396731305336952,DTEXT,PTEXT,,,,,3.0,-1,,,,,,,,,,
noise_by_sensor_magnitude_direction,,77,3,80,0.9625,0.0375,0.8954527990995489,0.9871654310800886,DTEXT,PTEXT,,,,,3.0,1,,,,,,,,,,
noise_by_sensor_magnitude_direction,,80,0,80,1.0,0.0,0.9541818704644728,0.9999999999999999,DTEXT,PTEXT,,,,,4.25,-1,,,,,,,,,,
noise_by_sensor_magnitude_direction,,78,2,80,0.975,0.025,0.9133556701442198,0.9931171067970292,DTEXT,PTEXT,,,,,4.25,1,,,,,,,,,,
noise_by_sensor_magnitude_direction,,79,1,80,0.9875,0.0125,0.9325372992233133,0.9977900244795476,DTEXT,PTEXT,,,,,5.5,-1,,,,,,,,,,
noise_by_sensor_magnitude_direction,,79,1,80,0.9875,0.0125,0.9325372992233133,0.9977900244795476,DTEXT,PTEXT,,,,,5.5,1,,,,,,,,,,
noise_by_sensor_magnitude_direction,,78,2,80,0.975,0.025,0.9133556701442198,0.9931171067970292,DTEXT,PTEXT,,,,,6.75,-1,,,,,,,,,,
noise_by_sensor_magnitude_direction,,80,0,80,1.0,0.0,0.9541818704644728,0.9999999999999999,DTEXT,PTEXT,,,,,6.75,1,,,,,,,,,,
noise_by_sensor_magnitude_direction,,80,0,80,1.0,0.0,0.9541818704644728,0.9999999999999999,DTEXT,PTEXT,,,,,8.0,-1,,,,,,,,,,
noise_by_sensor_magnitude_direction,,80,0,80,1.0,0.0,0.9541818704644728,0.9999999999999999,DTEXT,PTEXT,,,,,8.0,1,,,,,,,,,,
noise_by_sensor_magnitude_direction,,18,62,80,0.225,0.775,0.14733207340846635,0.3278678978360735,DVEXT,PVV,,,,,5.0,1,,,,,,,,,,
noise_by_sensor_magnitude_direction,,18,62,80,0.225,0.775,0.14733207340846635,0.3278678978360735,DVEXT,PVV,,,,,6.0,1,,,,,,,,,,
noise_by_sensor_magnitude_direction,,26,54,80,0.325,0.675,0.2324416184435817,0.4335947268938527,DVEXT,PVV,,,,,7.0,1,,,,,,,,,,
noise_by_sensor_magnitude_direction,,38,42,80,0.475,0.525,0.36924733297407564,0.5830435735027005,DVEXT,PVV,,,,,8.0,1,,,,,,,,,,
noise_by_sensor_magnitude_direction,,62,18,80,0.775,0.225,0.6721321021639265,0.8526679265915337,DVEXT,PVV,,,,,9.0,1,,,,,,,,,,
noise_by_sensor_magnitude_direction,,66,14,80,0.825,0.175,0.7274245802116865,0.8927936355902206,XCO2INT,XCO2I,,,,,60.0,-1,,,,,,,,,,
noise_by_sensor_magnitude_direction,,69,11,80,0.8625,0.1375,0.7703289993301339,0.9214528567566089,XCO2INT,XCO2I,,,,,60.0,1,,,,,,,,,,
noise_by_sensor_magnitude_direction,,79,1,80,0.9875,0.0125,0.9325372992233133,0.9977900244795476,XCO2INT,XCO2I,,,,,85.0,-1,,,,,,,,,,
noise_by_sensor_magnitude_direction,,78,2,80,0.975,0.025,0.9133556701442198,0.9931171067970292,XCO2INT,XCO2I,,,,,85.0,1,,,,,,,,,,
noise_by_sensor_magnitude_direction,,80,0,80,1.0,0.0,0.9541818704644728,0.9999999999999999,XCO2INT,XCO2I,,,,,110.0,-1,,,,,,,,,,
noise_by_sensor_magnitude_direction,,80,0,80,1.0,0.0,0.9541818704644728,0.9999999999999999,XCO2INT,XCO2I,,,,,110.0,1,,,,,,,,,,
noise_by_sensor_magnitude_direction,,79,1,80,0.9875,0.0125,0.9325372992233133,0.9977900244795476,XCO2INT,XCO2I,,,,,135.0,-1,,,,,,,,,,
noise_by_sensor_magnitude_direction,,80,0,80,1.0,0.0,0.9541818704644728,0.9999999999999999,XCO2INT,XCO2I,,,,,135.0,1,,,,,,,,,,
noise_by_sensor_magnitude_direction,,80,0,80,1.0,0.0,0.9541818704644728,0.9999999999999999,XCO2INT,XCO2I,,,,,160.0,-1,,,,,,,,,,
noise_by_sensor_magnitude_direction,,79,1,80,0.9875,0.0125,0.9325372992233133,0.9977900244795476,XCO2INT,XCO2I,,,,,160.0,1,,,,,,,,,,
noise_by_sensor_magnitude_direction,,57,23,80,0.7125,0.2875,0.6053965378701002,0.8001307570773007,XGRINT,PRGINT,,,,,80.0,1,,,,,,,,,,
noise_by_sensor_magnitude_direction,,75,5,80,0.9375,0.0625,0.8618985123272557,0.973010624329158,XGRINT,PRGINT,,,,,122.5,1,,,,,,,,,,
noise_by_sensor_magnitude_direction,,78,2,80,0.975,0.025,0.9133556701442198,0.9931171067970292,XGRINT,PRGINT,,,,,165.0,1,,,,,,,,,,
noise_by_sensor_magnitude_direction,,78,2,80,0.975,0.025,0.9133556701442198,0.9931171067970292,XGRINT,PRGINT,,,,,207.5,1,,,,,,,,,,
noise_by_sensor_magnitude_direction,,80,0,80,1.0,0.0,0.9541818704644728,0.9999999999999999,XGRINT,PRGINT,,,,,250.0,1,,,,,,,,,,
noise_by_sensor_magnitude_direction,,60,20,80,0.75,0.25,0.6451532538076602,0.8319376814245761,XHINT,XHINV,,,,,10.0,-1,,,,,,,,,,
noise_by_sensor_magnitude_direction,,61,19,80,0.7625,0.2375,0.6585922106615945,0.8423532713322537,XHINT,XHINV,,,,,10.0,1,,,,,,,,,,
noise_by_sensor_magnitude_direction,,77,3,80,0.9625,0.0375,0.8954527990995489,0.9871654310800886,XHINT,XHINV,,,,,13.75,-1,,,,,,,,,,
noise_by_sensor_magnitude_direction,,75,5,80,0.9375,0.0625,0.8618985123272557,0.973010624329158,XHINT,XHINV,,,,,13.75,1,,,,,,,,,,
noise_by_sensor_magnitude_direction,,80,0,80,1.0,0.0,0.9541818704644728,0.9999999999999999,XHINT,XHINV,,,,,17.5,-1,,,,,,,,,,
noise_by_sensor_magnitude_direction,,79,1,80,0.9875,0.0125,0.9325372992233133,0.9977900244795476,XHINT,XHINV,,,,,17.5,1,,,,,,,,,,
noise_by_sensor_magnitude_direction,,76,4,80,0.95,0.05,0.8783772379535698,0.9803864454644556,XHINT,XHINV,,,,,21.25,-1,,,,,,,,,,
noise_by_sensor_magnitude_direction,,79,1,80,0.9875,0.0125,0.9325372992233133,0.9977900244795476,XHINT,XHINV,,,,,21.25,1,,,,,,,,,,
noise_by_sensor_magnitude_direction,,79,1,80,0.9875,0.0125,0.9325372992233133,0.9977900244795476,XHINT,XHINV,,,,,25.0,-1,,,,,,,,,,
noise_by_sensor_magnitude_direction,,78,2,80,0.975,0.025,0.9133556701442198,0.9931171067970292,XHINT,XHINV,,,,,25.0,1,,,,,,,,,,
noise_by_sensor_magnitude_direction,,77,3,80,0.9625,0.0375,0.8954527990995489,0.9871654310800886,XTINT,XTINV,,,,,3.0,-1,,,,,,,,,,
noise_by_sensor_magnitude_direction,,74,6,80,0.925,0.075,0.8458798391878072,0.9651747507069949,XTINT,XTINV,,,,,3.0,1,,,,,,,,,,
noise_by_sensor_magnitude_direction,,79,1,80,0.9875,0.0125,0.9325372992233133,0.9977900244795476,XTINT,XTINV,,,,,4.25,-1,,,,,,,,,,
noise_by_sensor_magnitude_direction,,80,0,80,1.0,0.0,0.9541818704644728,0.9999999999999999,XTINT,XTINV,,,,,4.25,1,,,,,,,,,,
noise_by_sensor_magnitude_direction,,78,2,80,0.975,0.025,0.9133556701442198,0.9931171067970292,XTINT,XTINV,,,,,5.5,-1,,,,,,,,,,
noise_by_sensor_magnitude_direction,,80,0,80,1.0,0.0,0.9541818704644728,0.9999999999999999,XTINT,XTINV,,,,,5.5,1,,,,,,,,,,
noise_by_sensor_magnitude_direction,,74,6,80,0.925,0.075,0.8458798391878072,0.9651747507069949,XTINT,XTINV,,,,,6.75,-1,,,,,,,,,,
noise_by_sensor_magnitude_direction,,80,0,80,1.0,0.0,0.9541818704644728,0.9999999999999999,XTINT,XTINV,,,,,6.75,1,,,,,,,,,,
noise_by_sensor_magnitude_direction,,77,3,80,0.9625,0.0375,0.8954527990995489,0.9871654310800886,XTINT,XTINV,,,,,8.0,-1,,,,,,,,,,
noise_by_sensor_magnitude_direction,,79,1,80,0.9875,0.0125,0.9325372992233133,0.9977900244795476,XTINT,XTINV,,,,,8.0,1,,,,,,,,,,
orv_by_sensor_alpha_direction,,100,0,100,1.0,0.0,0.9630065017930143,1.0,DCO2EXT,PCO2EXT,,,,,,above,0.01,,,,,,,,,
orv_by_sensor_alpha_direction,,100,0,100,1.0,0.0,0.9630065017930143,1.0,DCO2EXT,PCO2EXT,,,,,,below,0.01,,,,,,,,,
orv_by_sensor_alpha_direction,,100,0,100,1.0,0.0,0.9630065017930143,1.0,DCO2EXT,PCO2EXT,,,,,,above,0.025,,,,,,,,,
orv_by_sensor_alpha_direction,,100,0,100,1.0,0.0,0.9630065017930143,1.0,DCO2EXT,PCO2EXT,,,,,,below,0.025,,,,,,,,,
orv_by_sensor_alpha_direction,,100,0,100,1.0,0.0,0.9630065017930143,1.0,DCO2EXT,PCO2EXT,,,,,,above,0.05,,,,,,,,,
orv_by_sensor_alpha_direction,,100,0,100,1.0,0.0,0.9630065017930143,1.0,DCO2EXT,PCO2EXT,,,,,,below,0.05,,,,,,,,,
orv_by_sensor_alpha_direction,,100,0,100,1.0,0.0,0.9630065017930143,1.0,DCO2EXT,PCO2EXT,,,,,,above,0.1,,,,,,,,,
orv_by_sensor_alpha_direction,,100,0,100,1.0,0.0,0.9630065017930143,1.0,DCO2EXT,PCO2EXT,,,,,,below,0.1,,,,,,,,,
orv_by_sensor_alpha_direction,,100,0,100,1.0,0.0,0.9630065017930143,1.0,DGREXT,PRAD,,,,,,above,0.01,,,,,,,,,
orv_by_sensor_alpha_direction,,100,0,100,1.0,0.0,0.9630065017930143,1.0,DGREXT,PRAD,,,,,,below,0.01,,,,,,,,,
orv_by_sensor_alpha_direction,,100,0,100,1.0,0.0,0.9630065017930143,1.0,DGREXT,PRAD,,,,,,above,0.025,,,,,,,,,
orv_by_sensor_alpha_direction,,100,0,100,1.0,0.0,0.9630065017930143,1.0,DGREXT,PRAD,,,,,,below,0.025,,,,,,,,,
orv_by_sensor_alpha_direction,,100,0,100,1.0,0.0,0.9630065017930143,1.0,DGREXT,PRAD,,,,,,above,0.05,,,,,,,,,
orv_by_sensor_alpha_direction,,100,0,100,1.0,0.0,0.9630065017930143,1.0,DGREXT,PRAD,,,,,,below,0.05,,,,,,,,,
orv_by_sensor_alpha_direction,,100,0,100,1.0,0.0,0.9630065017930143,1.0,DGREXT,PRAD,,,,,,above,0.1,,,,,,,,,
orv_by_sensor_alpha_direction,,100,0,100,1.0,0.0,0.9630065017930143,1.0,DGREXT,PRAD,,,,,,below,0.1,,,,,,,,,
orv_by_sensor_alpha_direction,,100,0,100,1.0,0.0,0.9630065017930143,1.0,DHEXT,PHEXT,,,,,,above,0.01,,,,,,,,,
orv_by_sensor_alpha_direction,,100,0,100,1.0,0.0,0.9630065017930143,1.0,DHEXT,PHEXT,,,,,,below,0.01,,,,,,,,,
orv_by_sensor_alpha_direction,,100,0,100,1.0,0.0,0.9630065017930143,1.0,DHEXT,PHEXT,,,,,,above,0.025,,,,,,,,,
orv_by_sensor_alpha_direction,,100,0,100,1.0,0.0,0.9630065017930143,1.0,DHEXT,PHEXT,,,,,,below,0.025,,,,,,,,,
orv_by_sensor_alpha_direction,,100,0,100,1.0,0.0,0.9630065017930143,1.0,DHEXT,PHEXT,,,,,,above,0.05,,,,,,,,,
orv_by_sensor_alpha_direction,,100,0,100,1.0,0.0,0.9630065017930143,1.0,DHEXT,PHEXT,,,,,,below,0.05,,,,,,,,,
orv_by_sensor_alpha_direction,,100,0,100,1.0,0.0,0.9630065017930143,1.0,DHEXT,PHEXT,,,,,,above,0.1,,,,,,,,,
orv_by_sensor_alpha_direction,,100,0,100,1.0,0.0,0.9630065017930143,1.0,DHEXT,PHEXT,,,,,,below,0.1,,,,,,,,,
orv_by_sensor_alpha_direction,,100,0,100,1.0,0.0,0.9630065017930143,1.0,DTEXT,PTEXT,,,,,,above,0.01,,,,,,,,,
orv_by_sensor_alpha_direction,,100,0,100,1.0,0.0,0.9630065017930143,1.0,DTEXT,PTEXT,,,,,,below,0.01,,,,,,,,,
orv_by_sensor_alpha_direction,,100,0,100,1.0,0.0,0.9630065017930143,1.0,DTEXT,PTEXT,,,,,,above,0.025,,,,,,,,,
orv_by_sensor_alpha_direction,,100,0,100,1.0,0.0,0.9630065017930143,1.0,DTEXT,PTEXT,,,,,,below,0.025,,,,,,,,,
orv_by_sensor_alpha_direction,,100,0,100,1.0,0.0,0.9630065017930143,1.0,DTEXT,PTEXT,,,,,,above,0.05,,,,,,,,,
orv_by_sensor_alpha_direction,,100,0,100,1.0,0.0,0.9630065017930143,1.0,DTEXT,PTEXT,,,,,,below,0.05,,,,,,,,,
orv_by_sensor_alpha_direction,,100,0,100,1.0,0.0,0.9630065017930143,1.0,DTEXT,PTEXT,,,,,,above,0.1,,,,,,,,,
orv_by_sensor_alpha_direction,,100,0,100,1.0,0.0,0.9630065017930143,1.0,DTEXT,PTEXT,,,,,,below,0.1,,,,,,,,,
orv_by_sensor_alpha_direction,,100,0,100,1.0,0.0,0.9630065017930143,1.0,DVEXT,PVV,,,,,,above,0.01,,,,,,,,,
orv_by_sensor_alpha_direction,,100,0,100,1.0,0.0,0.9630065017930143,1.0,DVEXT,PVV,,,,,,below,0.01,,,,,,,,,
orv_by_sensor_alpha_direction,,100,0,100,1.0,0.0,0.9630065017930143,1.0,DVEXT,PVV,,,,,,above,0.025,,,,,,,,,
orv_by_sensor_alpha_direction,,100,0,100,1.0,0.0,0.9630065017930143,1.0,DVEXT,PVV,,,,,,below,0.025,,,,,,,,,
orv_by_sensor_alpha_direction,,100,0,100,1.0,0.0,0.9630065017930143,1.0,DVEXT,PVV,,,,,,above,0.05,,,,,,,,,
orv_by_sensor_alpha_direction,,100,0,100,1.0,0.0,0.9630065017930143,1.0,DVEXT,PVV,,,,,,below,0.05,,,,,,,,,
orv_by_sensor_alpha_direction,,100,0,100,1.0,0.0,0.9630065017930143,1.0,DVEXT,PVV,,,,,,above,0.1,,,,,,,,,
orv_by_sensor_alpha_direction,,100,0,100,1.0,0.0,0.9630065017930143,1.0,DVEXT,PVV,,,,,,below,0.1,,,,,,,,,
orv_by_sensor_alpha_direction,,100,0,100,1.0,0.0,0.9630065017930143,1.0,XCO2INT,XCO2I,,,,,,above,0.01,,,,,,,,,
orv_by_sensor_alpha_direction,,100,0,100,1.0,0.0,0.9630065017930143,1.0,XCO2INT,XCO2I,,,,,,below,0.01,,,,,,,,,
orv_by_sensor_alpha_direction,,100,0,100,1.0,0.0,0.9630065017930143,1.0,XCO2INT,XCO2I,,,,,,above,0.025,,,,,,,,,
orv_by_sensor_alpha_direction,,100,0,100,1.0,0.0,0.9630065017930143,1.0,XCO2INT,XCO2I,,,,,,below,0.025,,,,,,,,,
orv_by_sensor_alpha_direction,,100,0,100,1.0,0.0,0.9630065017930143,1.0,XCO2INT,XCO2I,,,,,,above,0.05,,,,,,,,,
orv_by_sensor_alpha_direction,,100,0,100,1.0,0.0,0.9630065017930143,1.0,XCO2INT,XCO2I,,,,,,below,0.05,,,,,,,,,
orv_by_sensor_alpha_direction,,100,0,100,1.0,0.0,0.9630065017930143,1.0,XCO2INT,XCO2I,,,,,,above,0.1,,,,,,,,,
orv_by_sensor_alpha_direction,,100,0,100,1.0,0.0,0.9630065017930143,1.0,XCO2INT,XCO2I,,,,,,below,0.1,,,,,,,,,
orv_by_sensor_alpha_direction,,100,0,100,1.0,0.0,0.9630065017930143,1.0,XGRINT,PRGINT,,,,,,above,0.01,,,,,,,,,
orv_by_sensor_alpha_direction,,100,0,100,1.0,0.0,0.9630065017930143,1.0,XGRINT,PRGINT,,,,,,below,0.01,,,,,,,,,
orv_by_sensor_alpha_direction,,100,0,100,1.0,0.0,0.9630065017930143,1.0,XGRINT,PRGINT,,,,,,above,0.025,,,,,,,,,
orv_by_sensor_alpha_direction,,100,0,100,1.0,0.0,0.9630065017930143,1.0,XGRINT,PRGINT,,,,,,below,0.025,,,,,,,,,
orv_by_sensor_alpha_direction,,100,0,100,1.0,0.0,0.9630065017930143,1.0,XGRINT,PRGINT,,,,,,above,0.05,,,,,,,,,
orv_by_sensor_alpha_direction,,100,0,100,1.0,0.0,0.9630065017930143,1.0,XGRINT,PRGINT,,,,,,below,0.05,,,,,,,,,
orv_by_sensor_alpha_direction,,100,0,100,1.0,0.0,0.9630065017930143,1.0,XGRINT,PRGINT,,,,,,above,0.1,,,,,,,,,
orv_by_sensor_alpha_direction,,100,0,100,1.0,0.0,0.9630065017930143,1.0,XGRINT,PRGINT,,,,,,below,0.1,,,,,,,,,
orv_by_sensor_alpha_direction,,100,0,100,1.0,0.0,0.9630065017930143,1.0,XHINT,XHINV,,,,,,above,0.01,,,,,,,,,
orv_by_sensor_alpha_direction,,100,0,100,1.0,0.0,0.9630065017930143,1.0,XHINT,XHINV,,,,,,below,0.01,,,,,,,,,
orv_by_sensor_alpha_direction,,100,0,100,1.0,0.0,0.9630065017930143,1.0,XHINT,XHINV,,,,,,above,0.025,,,,,,,,,
orv_by_sensor_alpha_direction,,100,0,100,1.0,0.0,0.9630065017930143,1.0,XHINT,XHINV,,,,,,below,0.025,,,,,,,,,
orv_by_sensor_alpha_direction,,100,0,100,1.0,0.0,0.9630065017930143,1.0,XHINT,XHINV,,,,,,above,0.05,,,,,,,,,
orv_by_sensor_alpha_direction,,100,0,100,1.0,0.0,0.9630065017930143,1.0,XHINT,XHINV,,,,,,below,0.05,,,,,,,,,
orv_by_sensor_alpha_direction,,100,0,100,1.0,0.0,0.9630065017930143,1.0,XHINT,XHINV,,,,,,above,0.1,,,,,,,,,
orv_by_sensor_alpha_direction,,100,0,100,1.0,0.0,0.9630065017930143,1.0,XHINT,XHINV,,,,,,below,0.1,,,,,,,,,
orv_by_sensor_alpha_direction,,100,0,100,1.0,0.0,0.9630065017930143,1.0,XTINT,XTINV,,,,,,above,0.01,,,,,,,,,
orv_by_sensor_alpha_direction,,100,0,100,1.0,0.0,0.9630065017930143,1.0,XTINT,XTINV,,,,,,below,0.01,,,,,,,,,
orv_by_sensor_alpha_direction,,100,0,100,1.0,0.0,0.9630065017930143,1.0,XTINT,XTINV,,,,,,above,0.025,,,,,,,,,
orv_by_sensor_alpha_direction,,100,0,100,1.0,0.0,0.9630065017930143,1.0,XTINT,XTINV,,,,,,below,0.025,,,,,,,,,
orv_by_sensor_alpha_direction,,100,0,100,1.0,0.0,0.9630065017930143,1.0,XTINT,XTINV,,,,,,above,0.05,,,,,,,,,
orv_by_sensor_alpha_direction,,100,0,100,1.0,0.0,0.9630065017930143,1.0,XTINT,XTINV,,,,,,below,0.05,,,,,,,,,
orv_by_sensor_alpha_direction,,100,0,100,1.0,0.0,0.9630065017930143,1.0,XTINT,XTINV,,,,,,above,0.1,,,,,,,,,
orv_by_sensor_alpha_direction,,100,0,100,1.0,0.0,0.9630065017930143,1.0,XTINT,XTINV,,,,,,below,0.1,,,,,,,,,
ca_by_dynamic_parameters,,96,4,100,0.96,0.04,0.9016292856411208,0.9843366960084523,,,3.0,,,,,,,co2_vent,,700.0,,,,,,
ca_by_dynamic_parameters,,100,0,100,1.0,0.0,0.9630065017930143,1.0,,,5.0,,,,,,,co2_vent,,700.0,,,,,,
ca_by_dynamic_parameters,,99,1,100,0.99,0.01,0.9455138038212946,0.9982325679358593,,,8.0,,,,,,,co2_vent,,700.0,,,,,,
ca_by_dynamic_parameters,,100,0,100,1.0,0.0,0.9630065017930143,1.0,,,3.0,,,,,,,co2_vent,,950.0,,,,,,
ca_by_dynamic_parameters,,100,0,100,1.0,0.0,0.9630065017930143,1.0,,,5.0,,,,,,,co2_vent,,950.0,,,,,,
ca_by_dynamic_parameters,,100,0,100,1.0,0.0,0.9630065017930143,1.0,,,8.0,,,,,,,co2_vent,,950.0,,,,,,
ca_by_dynamic_parameters,,99,1,100,0.99,0.01,0.9455138038212946,0.9982325679358593,,,3.0,,,,,,,co2_vent,,1200.0,,,,,,
ca_by_dynamic_parameters,,98,2,100,0.98,0.02,0.929988209271456,0.9944980324498376,,,5.0,,,,,,,co2_vent,,1200.0,,,,,,
ca_by_dynamic_parameters,,100,0,100,1.0,0.0,0.9630065017930143,1.0,,,8.0,,,,,,,co2_vent,,1200.0,,,,,,
ca_by_dynamic_parameters,,100,0,100,1.0,0.0,0.9630065017930143,1.0,,,,,,,,,,radiation,0.02,,,,,,,
ca_by_dynamic_parameters,,99,1,100,0.99,0.01,0.9455138038212946,0.9982325679358593,,,,,,,,,,radiation,0.05,,,,,,,
ca_by_dynamic_parameters,,100,0,100,1.0,0.0,0.9630065017930143,1.0,,,,,,,,,,radiation,0.08,,,,,,,
ca_by_dynamic_parameters,,99,1,100,0.99,0.01,0.9455138038212946,0.9982325679358593,,,,,,,,,,temp_inversion,,,3.0,,,,,
ca_by_dynamic_parameters,,100,0,100,1.0,0.0,0.9630065017930143,1.0,,,,,,,,,,temp_inversion,,,6.5,,,,,
ca_by_dynamic_parameters,,100,0,100,1.0,0.0,0.9630065017930143,1.0,,,,,,,,,,temp_inversion,,,10.0,,,,,
cd_by_pair_side_severity,,107,0,107,1.0,0.0,0.9653427619812514,1.0,,,,,,,,,,,,,,"(DGREXT,XGRINT)",positive,above_p75,deep_extreme,
cd_by_pair_side_severity,,93,0,93,1.0,0.0,0.960332497388265,1.0,,,,,,,,,,,,,,"(DGREXT,XGRINT)",positive,above_p75,near_quartile,
cd_by_pair_side_severity,,9,154,163,0.05521472392638037,0.9447852760736196,0.029317368755345873,0.10159409039323014,,,,,,,,,,,,,,"(DGREXT,XGRINT)",positive,below_p25,deep_extreme,
cd_by_pair_side_severity,,3,34,37,0.08108108108108109,0.918918918918919,0.027960574100447985,0.21300679349288387,,,,,,,,,,,,,,"(DGREXT,XGRINT)",positive,below_p25,near_quartile,
cd_by_pair_side_severity,,0,121,121,0.0,1.0,0.0,0.03077069794747827,,,,,,,,,,,,,,"(DHEXT,XHINT)",positive,above_p75,deep_extreme,
cd_by_pair_side_severity,,0,79,79,0.0,1.0,0.0,0.04637121165392266,,,,,,,,,,,,,,"(DHEXT,XHINT)",positive,above_p75,near_quartile,
cd_by_pair_side_severity,,0,110,110,0.0,1.0,0.0,0.033743935298164184,,,,,,,,,,,,,,"(DHEXT,XHINT)",positive,below_p25,deep_extreme,
cd_by_pair_side_severity,,0,90,90,0.0,1.0,0.0,0.04093562556432678,,,,,,,,,,,,,,"(DHEXT,XHINT)",positive,below_p25,near_quartile,
cd_by_pair_side_severity,,36,66,102,0.35294117647058826,0.6470588235294118,0.26707997479873313,0.4494772199502266,,,,,,,,,,,,,,"(DTEXT,XTINT)",positive,above_p75,deep_extreme,
cd_by_pair_side_severity,,17,81,98,0.17346938775510204,0.826530612244898,0.11122131829641893,0.26035092015039285,,,,,,,,,,,,,,"(DTEXT,XTINT)",positive,above_p75,near_quartile,
cd_by_pair_side_severity,,0,107,107,0.0,1.0,0.0,0.03465723801874867,,,,,,,,,,,,,,"(DTEXT,XTINT)",positive,below_p25,deep_extreme,
cd_by_pair_side_severity,,0,93,93,0.0,1.0,0.0,0.03966750261173514,,,,,,,,,,,,,,"(DTEXT,XTINT)",positive,below_p25,near_quartile,
cd_by_pair_side_severity,,3,95,98,0.030612244897959183,0.9693877551020408,0.010464891082493696,0.0861702016847983,,,,,,,,,,,,,,"(XTINT,XHINT)",negative,above_p75,deep_extreme,
cd_by_pair_side_severity,,2,100,102,0.0196078431372549,0.9803921568627451,0.005393752169586284,0.06869308401034893,,,,,,,,,,,,,,"(XTINT,XHINT)",negative,above_p75,near_quartile,
cd_by_pair_side_severity,,18,68,86,0.20930232558139536,0.7906976744186046,0.1366981607462176,0.30676590744316745,,,,,,,,,,,,,,"(XTINT,XHINT)",negative,below_p25,deep_extreme,
cd_by_pair_side_severity,,38,76,114,0.3333333333333333,0.6666666666666666,0.25348080130716766,0.4240520434124463,,,,,,,,,,,,,,"(XTINT,XHINT)",negative,below_p25,near_quartile,
psf_by_cardinality,,1260,0,1260,1.0,0.0,0.9969604899460422,1.0,,,,,,,,,,,,,,,,,,4.0
psf_by_cardinality,,1260,0,1260,1.0,0.0,0.9969604899460422,1.0,,,,,,,,,,,,,,,,,,5.0
psf_by_cardinality,,840,0,840,1.0,0.0,0.9954476533707379,1.0,,,,,,,,,,,,,,,,,,6.0
psf_by_cardinality,,360,0,360,1.0,0.0,0.9894419431113063,0.9999999999999999,,,,,,,,,,,,,,,,,,7.0
psf_by_cardinality,,90,0,90,1.0,0.0,0.9590643744356734,1.0,,,,,,,,,,,,,,,,,,8.0
