paper_sensor,theta_sensor,pass,fail,valid_property_checks,conformance_rate,counterexample_rate,cr_ci95_low,cr_ci95_high
DCO2EXT,PCO2EXT,500,0,500,1.0,0.0,0.9923756595384479,1.0
DGREXT,PRAD,500,0,500,1.0,0.0,0.9923756595384479,1.0
DHEXT,PHEXT,500,0,500,1.0,0.0,0.9923756595384479,1.0
DTEXT,PTEXT,500,0,500,1.0,0.0,0.9923756595384479,1.0
DVEXT,PVV,500,0,500,1.0,0.0,0.9923756595384479,1.0
XCO2INT,XCO2I,500,0,500,1.0,0.0,0.9923756595384479,1.0
XGRINT,PRGINT,500,0,500,1.0,0.0,0.9923756595384479,1.0
XHINT,XHINV,500,0,500,1.0,0.0,0.9923756595384479,1.0
XTINT,XTINV,500,0,500,1.0,0.0,0.9923756595384479,1.0
