cd_pair_paper,cd_correlation_sign,cd_reference_side,cd_reference_severity,fail,pass,valid_property_checks,conformance_rate,counterexample_rate,cr_ci95_low,cr_ci95_high
"(DGREXT,XGRINT)",positive,above_p75,deep_extreme,0,107,107,1.0,0.0,0.9653427619812514,1.0
"(DGREXT,XGRINT)",positive,above_p75,near_quartile,0,93,93,1.0,0.0,0.960332497388265,1.0
"(DGREXT,XGRINT)",positive,below_p25,deep_extreme,154,9,163,0.05521472392638037,0.9447852760736196,0.029317368755345873,0.10159409039323014
"(DGREXT,XGRINT)",positive,below_p25,near_quartile,34,3,37,0.08108108108108109,0.918918918918919,0.027960574100447985,0.21300679349288387
"(DHEXT,XHINT)",positive,above_p75,deep_extreme,121,0,121,0.0,1.0,0.0,0.03077069794747827
"(DHEXT,XHINT)",positive,above_p75,near_quartile,79,0,79,0.0,1.0,0.0,0.04637121165392266
"(DHEXT,XHINT)",positive,below_p25,deep_extreme,110,0,110,0.0,1.0,0.0,0.033743935298164184
"(DHEXT,XHINT)",positive,below_p25,near_quartile,90,0,90,0.0,1.0,0.0,0.04093562556432678
"(DTEXT,XTINT)",positive,above_p75,deep_extreme,66,36,102,0.35294117647058826,0.6470588235294118,0.26707997479873313,0.4494772199502266
"(DTEXT,XTINT)",positive,above_p75,near_quartile,81,17,98,0.17346938775510204,0.826530612244898,0.11122131829641893,0.26035092015039285
"(DTEXT,XTINT)",positive,below_p25,deep_extreme,107,0,107,0.0,1.0,0.0,0.03465723801874867
"(DTEXT,XTINT)",positive,below_p25,near_quartile,93,0,93,0.0,1.0,0.0,0.03966750261173514
"(XTINT,XHINT)",negative,above_p75,deep_extreme,95,3,98,0.030612244897959183,0.9693877551020408,0.010464891082493696,0.0861702016847983
"(XTINT,XHINT)",negative,above_p75,near_quartile,100,2,102,0.0196078431372549,0.9803921568627451,0.005393752169586284,0.06869308401034893
"(XTINT,XHINT)",negative,below_p25,deep_extreme,68,18,86,0.20930232558139536,0.7906976744186046,0.1366981607462176,0.30676590744316745
"(XTINT,XHINT)",negative,below_p25,near_quartile,76,38,114,0.3333333333333333,0.6666666666666666,0.25348080130716766,0.4240520434124463
