paper_sensor,theta_sensor,theta_magnitude,theta_direction,fail,pass,valid_property_checks,conformance_rate,counterexample_rate,cr_ci95_low,cr_ci95_high
DCO2EXT,PCO2EXT,25.0,-1,23,57,80,0.7125,0.2875,0.6053965378701002,0.8001307570773007
DCO2EXT,PCO2EXT,25.0,1,30,50,80,0.625,0.375,0.5154872546314301,0.7230582129846882
DCO2EXT,PCO2EXT,37.5,-1,4,76,80,0.95,0.05,0.8783772379535698,0.9803864454644556
DCO2EXT,PCO2EXT,37.5,1,17,63,80,0.7875,0.2125,0.6857784426940333,0.8628761328230384
DCO2EXT,PCO2EXT,50.0,-1,0,80,80,1.0,0.0,0.9541818704644728,0.9999999999999999
DCO2EXT,PCO2EXT,50.0,1,0,80,80,1.0,0.0,0.9541818704644728,0.9999999999999999
DCO2EXT,PCO2EXT,62.5,-1,1,79,80,0.9875,0.0125,0.9325372992233133,0.9977900244795476
DCO2EXT,PCO2EXT,62.5,1,2,78,80,0.975,0.025,0.9133556701442198,0.9931171067970292
DCO2EXT,PCO2EXT,75.0,-1,0,80,80,1.0,0.0,0.9541818704644728,0.9999999999999999
DCO2EXT,PCO2EXT,75.0,1,0,80,80,1.0,0.0,0.9541818704644728,0.9999999999999999
DGREXT,PRAD,150.0,1,5,75,80,0.9375,0.0625,0.8618985123272557,0.973010624329158
DGREXT,PRAD,237.5,1,5,75,80,0.9375,0.0625,0.8618985123272557,0.973010624329158
DGREXT,PRAD,325.0,1,2,78,80,0.975,0.025,0.9133556701442198,0.9931171067970292
DGREXT,PRAD,412.5,1,2,78,80,0.975,0.025,0.9133556701442198,0.9931171067970292
DGREXT,PRAD,500.0,1,5,75,80,0.9375,0.0625,0.8618985123272557,0.973010624329158
DHEXT,PHEXT,10.0,-1,11,69,80,0.8625,0.1375,0.7703289993301339,0.9214528567566089
DHEXT,PHEXT,10.0,1,15,65,80,0.8125,0.1875,0.7134167737100688,0.8829468953302267
DHEXT,PHEXT,13.75,-1,5,75,80,0.9375,0.0625,0.8618985123272557,0.973010624329158
DHEXT,PHEXT,13.75,1,1,79,80,0.9875,0.0125,0.9325372992233133,0.9977900244795476
DHEXT,PHEXT,17.5,-1,2,78,80,0.975,0.025,0.9133556701442198,0.9931171067970292
DHEXT,PHEXT,17.5,1,0,80,80,1.0,0.0,0.9541818704644728,0.9999999999999999
DHEXT,PHEXT,21.25,-1,1,79,80,0.9875,0.0125,0.9325372992233133,0.9977900244795476
DHEXT,PHEXT,21.25,1,2,78,80,0.975,0.025,0.9133556701442198,0.9931171067970292
DHEXT,PHEXT,25.0,-1,0,80,80,1.0,0.0,0.9541818704644728,0.9999999999999999
DHEXT,PHEXT,25.0,1,1,79,80,0.9875,0.0125,0.9325372992233133,0.9977900244795476
DTEXT,PTEXT,3.0,-1,9,71,80,0.8875,0.1125,0.7998178190762713,0.9396731305336952
DTEXT,PTEXT,3.0,1,3,77,80,0.9625,0.0375,0.8954527990995489,0.9871654310800886
DTEXT,PTEXT,4.25,-1,0,80,80,1.0,0.0,0.9541818704644728,0.9999999999999999
DTEXT,PTEXT,4.25,1,2,78,80,0.975,0.025,0.9133556701442198,0.9931171067970292
DTEXT,PTEXT,5.5,-1,1,79,80,0.9875,0.0125,0.9325372992233133,0.9977900244795476
DTEXT,PTEXT,5.5,1,1,79,80,0.9875,0.0125,0.9325372992233133,0.9977900244795476
DTEXT,PTEXT,6.75,-1,2,78,80,0.975,0.025,0.9133556701442198,0.9931171067970292
DTEXT,PTEXT,6.75,1,0,80,80,1.0,0.0,0.9541818704644728,0.9999999999999999
DTEXT,PTEXT,8.0,-1,0,80,80,1.0,0.0,0.9541818704644728,0.9999999999999999
DTEXT,PTEXT,8.0,1,0,80,80,1.0,0.0,0.9541818704644728,0.9999999999999999
DVEXT,PVV,5.0,1,62,18,80,0.225,0.775,0.14733207340846635,0.3278678978360735
DVEXT,PVV,6.0,1,62,18,80,0.225,0.775,0.14733207340846635,0.3278678978360735
DVEXT,PVV,7.0,1,54,26,80,0.325,0.675,0.2324416184435817,0.4335947268938527
DVEXT,PVV,8.0,1,42,38,80,0.475,0.525,0.36924733297407564,0.5830435735027005
DVEXT,PVV,9.0,1,18,62,80,0.775,0.225,0.6721321021639265,0.8526679265915337
XCO2INT,XCO2I,60.0,-1,14,66,80,0.825,0.175,0.7274245802116865,0.8927936355902206
XCO2INT,XCO2I,60.0,1,11,69,80,0.8625,0.1375,0.7703289993301339,0.9214528567566089
XCO2INT,XCO2I,85.0,-1,1,79,80,0.9875,0.0125,0.9325372992233133,0.9977900244795476
XCO2INT,XCO2I,85.0,1,2,78,80,0.975,0.025,0.9133556701442198,0.9931171067970292
XCO2INT,XCO2I,110.0,-1,0,80,80,1.0,0.0,0.9541818704644728,0.9999999999999999
XCO2INT,XCO2I,110.0,1,0,80,80,1.0,0.0,0.9541818704644728,0.9999999999999999
XCO2INT,XCO2I,135.0,-1,1,79,80,0.9875,0.0125,0.9325372992233133,0.9977900244795476
XCO2INT,XCO2I,135.0,1,0,80,80,1.0,0.0,0.9541818704644728,0.9999999999999999
XCO2INT,XCO2I,160.0,-1,0,80,80,1.0,0.0,0.9541818704644728,0.9999999999999999
XCO2INT,XCO2I,160.0,1,1,79,80,0.9875,0.0125,0.9325372992233133,0.9977900244795476
XGRINT,PRGINT,80.0,1,23,57,80,0.7125,0.2875,0.6053965378701002,0.8001307570773007
XGRINT,PRGINT,122.5,1,5,75,80,0.9375,0.0625,0.8618985123272557,0.973010624329158
XGRINT,PRGINT,165.0,1,2,78,80,0.975,0.025,0.9133556701442198,0.9931171067970292
XGRINT,PRGINT,207.5,1,2,78,80,0.975,0.025,0.9133556701442198,0.9931171067970292
XGRINT,PRGINT,250.0,1,0,80,80,1.0,0.0,0.9541818704644728,0.9999999999999999
XHINT,XHINV,10.0,-1,20,60,80,0.75,0.25,0.6451532538076602,0.8319376814245761
XHINT,XHINV,10.0,1,19,61,80,0.7625,0.2375,0.6585922106615945,0.8423532713322537
XHINT,XHINV,13.75,-1,3,77,80,0.9625,0.0375,0.8954527990995489,0.9871654310800886
XHINT,XHINV,13.75,1,5,75,80,0.9375,0.0625,0.8618985123272557,0.973010624329158
XHINT,XHINV,17.5,-1,0,80,80,1.0,0.0,0.9541818704644728,0.9999999999999999
XHINT,XHINV,17.5,1,1,79,80,0.9875,0.0125,0.9325372992233133,0.9977900244795476
XHINT,XHINV,21.25,-1,4,76,80,0.95,0.05,0.8783772379535698,0.9803864454644556
XHINT,XHINV,21.25,1,1,79,80,0.9875,0.0125,0.9325372992233133,0.9977900244795476
XHINT,XHINV,25.0,-1,1,79,80,0.9875,0.0125,0.9325372992233133,0.9977900244795476
XHINT,XHINV,25.0,1,2,78,80,0.975,0.025,0.9133556701442198,0.9931171067970292
XTINT,XTINV,3.0,-1,3,77,80,0.9625,0.0375,0.8954527990995489,0.9871654310800886
XTINT,XTINV,3.0,1,6,74,80,0.925,0.075,0.8458798391878072,0.9651747507069949
XTINT,XTINV,4.25,-1,1,79,80,0.9875,0.0125,0.9325372992233133,0.9977900244795476
XTINT,XTINV,4.25,1,0,80,80,1.0,0.0,0.9541818704644728,0.9999999999999999
XTINT,XTINV,5.5,-1,2,78,80,0.975,0.025,0.9133556701442198,0.9931171067970292
XTINT,XTINV,5.5,1,0,80,80,1.0,0.0,0.9541818704644728,0.9999999999999999
XTINT,XTINV,6.75,-1,6,74,80,0.925,0.075,0.8458798391878072,0.9651747507069949
XTINT,XTINV,6.75,1,0,80,80,1.0,0.0,0.9541818704644728,0.9999999999999999
XTINT,XTINV,8.0,-1,3,77,80,0.9625,0.0375,0.8954527990995489,0.9871654310800886
XTINT,XTINV,8.0,1,1,79,80,0.9875,0.0125,0.9325372992233133,0.9977900244795476
