property,dimension,evidence,support
MV,exercised Theta space,No failures observed in exercised configurations,4500/4500 pass
ORV,exercised Theta space,No failures observed in exercised configurations,7200/7200 pass
PSF,exercised Theta space,No failures observed in exercised configurations,3810/3810 pass
SS,DCO2EXT duration,20:100.00%(n=100); 25:100.00%(n=100); 30:100.00%(n=100); 35:100.00%(n=71); 40:100.00%(n=31),0 levels below n>=20 support threshold
SS,DHEXT duration,16:77.00%(n=100); 20:82.00%(n=100); 23:77.00%(n=100); 27:76.00%(n=100); 30:78.00%(n=100),0 levels below n>=20 support threshold
SS,DTEXT duration,40:35.48%(n=31); 45:22.22%(n=9); 50:33.33%(n=6); 55:50.00%(n=2); 60:0.00%(n=1),4 levels below n>=20 support threshold
SS,DVEXT duration,20:62.00%(n=100); 30:54.00%(n=100); 40:54.84%(n=31); 50:66.67%(n=6); 60:100.00%(n=1),2 levels below n>=20 support threshold
SS,XCO2INT duration,20:100.00%(n=100); 30:100.00%(n=100); 40:100.00%(n=31); 50:100.00%(n=6); 60:100.00%(n=1),2 levels below n>=20 support threshold
SS,XGRINT duration,20:0.00%(n=100); 30:0.00%(n=58); 40:0.00%(n=18); 50:0.00%(n=4); 60:0.00%(n=1),3 levels below n>=20 support threshold
SS,XHINT duration,16:49.00%(n=100); 20:50.00%(n=100); 23:45.00%(n=100); 27:49.00%(n=100); 30:39.00%(n=100),0 levels below n>=20 support threshold
SS,XTINT duration,40:41.94%(n=31); 45:22.22%(n=9); 50:33.33%(n=6); 55:50.00%(n=2); 60:100.00%(n=1),4 levels below n>=20 support threshold
N,DCO2EXT direction=-1,25:71.25%(n=80); 37.5:95.00%(n=80); 50:100.00%(n=80); 62.5:98.75%(n=80); 75:100.00%(n=80),all levels n=80
N,DCO2EXT direction=1,25:62.50%(n=80); 37.5:78.75%(n=80); 50:100.00%(n=80); 62.5:97.50%(n=80); 75:100.00%(n=80),all levels n=80
N,DGREXT direction=1,150:93.75%(n=80); 237.5:93.75%(n=80); 325:97.50%(n=80); 412.5:97.50%(n=80); 500:93.75%(n=80),all levels n=80
N,DHEXT direction=-1,10:86.25%(n=80); 13.75:93.75%(n=80); 17.5:97.50%(n=80); 21.25:98.75%(n=80); 25:100.00%(n=80),all levels n=80
N,DHEXT direction=1,10:81.25%(n=80); 13.75:98.75%(n=80); 17.5:100.00%(n=80); 21.25:97.50%(n=80); 25:98.75%(n=80),all levels n=80
N,DTEXT direction=-1,3:88.75%(n=80); 4.25:100.00%(n=80); 5.5:98.75%(n=80); 6.75:97.50%(n=80); 8:100.00%(n=80),all levels n=80
N,DTEXT direction=1,3:96.25%(n=80); 4.25:97.50%(n=80); 5.5:98.75%(n=80); 6.75:100.00%(n=80); 8:100.00%(n=80),all levels n=80
N,DVEXT direction=1,5:22.50%(n=80); 6:22.50%(n=80); 7:32.50%(n=80); 8:47.50%(n=80); 9:77.50%(n=80),all levels n=80
N,XCO2INT direction=-1,60:82.50%(n=80); 85:98.75%(n=80); 110:100.00%(n=80); 135:98.75%(n=80); 160:100.00%(n=80),all levels n=80
N,XCO2INT direction=1,60:86.25%(n=80); 85:97.50%(n=80); 110:100.00%(n=80); 135:100.00%(n=80); 160:98.75%(n=80),all levels n=80
N,XGRINT direction=1,80:71.25%(n=80); 122.5:93.75%(n=80); 165:97.50%(n=80); 207.5:97.50%(n=80); 250:100.00%(n=80),all levels n=80
N,XHINT direction=-1,10:75.00%(n=80); 13.75:96.25%(n=80); 17.5:100.00%(n=80); 21.25:95.00%(n=80); 25:98.75%(n=80),all levels n=80
N,XHINT direction=1,10:76.25%(n=80); 13.75:93.75%(n=80); 17.5:98.75%(n=80); 21.25:98.75%(n=80); 25:97.50%(n=80),all levels n=80
N,XTINT direction=-1,3:96.25%(n=80); 4.25:98.75%(n=80); 5.5:97.50%(n=80); 6.75:92.50%(n=80); 8:96.25%(n=80),all levels n=80
N,XTINT direction=1,3:92.50%(n=80); 4.25:100.00%(n=80); 5.5:100.00%(n=80); 6.75:100.00%(n=80); 8:98.75%(n=80),all levels n=80
ORV,"alpha=0.01, direction=above",900/900 pass,all sensor configurations covered
ORV,"alpha=0.01, direction=below",900/900 pass,all sensor configurations covered
ORV,"alpha=0.025, direction=above",900/900 pass,all sensor configurations covered
ORV,"alpha=0.025, direction=below",900/900 pass,all sensor configurations covered
ORV,"alpha=0.05, direction=above",900/900 pass,all sensor configurations covered
ORV,"alpha=0.05, direction=below",900/900 pass,all sensor configurations covered
ORV,"alpha=0.1, direction=above",900/900 pass,all sensor configurations covered
ORV,"alpha=0.1, direction=below",900/900 pass,all sensor configurations covered
CA,co2_vent,892/900 pass; 8 counterexamples,stratified by dynamic parameters
CA,radiation,299/300 pass; 1 counterexamples,stratified by dynamic parameters
CA,temp_inversion,299/300 pass; 1 counterexamples,stratified by dynamic parameters
CD,"(DGREXT,XGRINT) above_p75 deep_extreme",107/107 pass; CR=100.00%,post-hoc severity from reference percentiles
CD,"(DGREXT,XGRINT) above_p75 near_quartile",93/93 pass; CR=100.00%,post-hoc severity from reference percentiles
CD,"(DGREXT,XGRINT) below_p25 deep_extreme",9/163 pass; CR=5.52%,post-hoc severity from reference percentiles
CD,"(DGREXT,XGRINT) below_p25 near_quartile",3/37 pass; CR=8.11%,post-hoc severity from reference percentiles
CD,"(DHEXT,XHINT) above_p75 deep_extreme",0/121 pass; CR=0.00%,post-hoc severity from reference percentiles
CD,"(DHEXT,XHINT) above_p75 near_quartile",0/79 pass; CR=0.00%,post-hoc severity from reference percentiles
CD,"(DHEXT,XHINT) below_p25 deep_extreme",0/110 pass; CR=0.00%,post-hoc severity from reference percentiles
CD,"(DHEXT,XHINT) below_p25 near_quartile",0/90 pass; CR=0.00%,post-hoc severity from reference percentiles
CD,"(DTEXT,XTINT) above_p75 deep_extreme",36/102 pass; CR=35.29%,post-hoc severity from reference percentiles
CD,"(DTEXT,XTINT) above_p75 near_quartile",17/98 pass; CR=17.35%,post-hoc severity from reference percentiles
CD,"(DTEXT,XTINT) below_p25 deep_extreme",0/107 pass; CR=0.00%,post-hoc severity from reference percentiles
CD,"(DTEXT,XTINT) below_p25 near_quartile",0/93 pass; CR=0.00%,post-hoc severity from reference percentiles
CD,"(XTINT,XHINT) above_p75 deep_extreme",3/98 pass; CR=3.06%,post-hoc severity from reference percentiles
CD,"(XTINT,XHINT) above_p75 near_quartile",2/102 pass; CR=1.96%,post-hoc severity from reference percentiles
CD,"(XTINT,XHINT) below_p25 deep_extreme",18/86 pass; CR=20.93%,post-hoc severity from reference percentiles
CD,"(XTINT,XHINT) below_p25 near_quartile",38/114 pass; CR=33.33%,post-hoc severity from reference percentiles
PSF,cardinality=4,1260/1260 pass,all subsets covered
PSF,cardinality=5,1260/1260 pass,all subsets covered
PSF,cardinality=6,840/840 pass,all subsets covered
PSF,cardinality=7,360/360 pass,all subsets covered
PSF,cardinality=8,90/90 pass,all subsets covered
