sensor,direction,magnitude,checks,passes,counterexamples,conformance_rate
DCO2EXT,-1,25.0,80,57,23,0.7125
DCO2EXT,-1,37.5,80,76,4,0.95
DCO2EXT,-1,50.0,80,80,0,1.0
DCO2EXT,-1,62.5,80,79,1,0.9875
DCO2EXT,-1,75.0,80,80,0,1.0
DCO2EXT,1,25.0,80,50,30,0.625
DCO2EXT,1,37.5,80,63,17,0.7875
DCO2EXT,1,50.0,80,80,0,1.0
DCO2EXT,1,62.5,80,78,2,0.975
DCO2EXT,1,75.0,80,80,0,1.0
DGREXT,1,150.0,80,75,5,0.9375
DGREXT,1,237.5,80,75,5,0.9375
DGREXT,1,325.0,80,78,2,0.975
DGREXT,1,412.5,80,78,2,0.975
DGREXT,1,500.0,80,75,5,0.9375
DHEXT,-1,10.0,80,69,11,0.8625
DHEXT,-1,13.75,80,75,5,0.9375
DHEXT,-1,17.5,80,78,2,0.975
DHEXT,-1,21.25,80,79,1,0.9875
DHEXT,-1,25.0,80,80,0,1.0
DHEXT,1,10.0,80,65,15,0.8125
DHEXT,1,13.75,80,79,1,0.9875
DHEXT,1,17.5,80,80,0,1.0
DHEXT,1,21.25,80,78,2,0.975
DHEXT,1,25.0,80,79,1,0.9875
DTEXT,-1,3.0,80,71,9,0.8875
DTEXT,-1,4.25,80,80,0,1.0
DTEXT,-1,5.5,80,79,1,0.9875
DTEXT,-1,6.75,80,78,2,0.975
DTEXT,-1,8.0,80,80,0,1.0
DTEXT,1,3.0,80,77,3,0.9625
DTEXT,1,4.25,80,78,2,0.975
DTEXT,1,5.5,80,79,1,0.9875
DTEXT,1,6.75,80,80,0,1.0
DTEXT,1,8.0,80,80,0,1.0
DVEXT,1,5.0,80,18,62,0.225
DVEXT,1,6.0,80,18,62,0.225
DVEXT,1,7.0,80,26,54,0.325
DVEXT,1,8.0,80,38,42,0.475
DVEXT,1,9.0,80,62,18,0.775
XCO2INT,-1,60.0,80,66,14,0.825
XCO2INT,-1,85.0,80,79,1,0.9875
XCO2INT,-1,110.0,80,80,0,1.0
XCO2INT,-1,135.0,80,79,1,0.9875
XCO2INT,-1,160.0,80,80,0,1.0
XCO2INT,1,60.0,80,69,11,0.8625
XCO2INT,1,85.0,80,78,2,0.975
XCO2INT,1,110.0,80,80,0,1.0
XCO2INT,1,135.0,80,80,0,1.0
XCO2INT,1,160.0,80,79,1,0.9875
XGRINT,1,80.0,80,57,23,0.7125
XGRINT,1,122.5,80,75,5,0.9375
XGRINT,1,165.0,80,78,2,0.975
XGRINT,1,207.5,80,78,2,0.975
XGRINT,1,250.0,80,80,0,1.0
XHINT,-1,10.0,80,60,20,0.75
XHINT,-1,13.75,80,77,3,0.9625
XHINT,-1,17.5,80,80,0,1.0
XHINT,-1,21.25,80,76,4,0.95
XHINT,-1,25.0,80,79,1,0.9875
XHINT,1,10.0,80,61,19,0.7625
XHINT,1,13.75,80,75,5,0.9375
XHINT,1,17.5,80,79,1,0.9875
XHINT,1,21.25,80,79,1,0.9875
XHINT,1,25.0,80,78,2,0.975
XTINT,-1,3.0,80,77,3,0.9625
XTINT,-1,4.25,80,79,1,0.9875
XTINT,-1,5.5,80,78,2,0.975
XTINT,-1,6.75,80,74,6,0.925
XTINT,-1,8.0,80,77,3,0.9625
XTINT,1,3.0,80,74,6,0.925
XTINT,1,4.25,80,80,0,1.0
XTINT,1,5.5,80,80,0,1.0
XTINT,1,6.75,80,80,0,1.0
XTINT,1,8.0,80,79,1,0.9875
