paper_sensor,theta_sensor,theta_duration,fail,pass,valid_property_checks,conformance_rate,counterexample_rate,cr_ci95_low,cr_ci95_high,ss_configuration,rq3_supported,checks
DCO2EXT,PCO2EXT,20.0,0,100,100,1.0,0.0,0.9630065017930143,1.0,PCO2EXT|duration=20,True,100
DCO2EXT,PCO2EXT,25.0,0,100,100,1.0,0.0,0.9630065017930143,1.0,PCO2EXT|duration=25,True,100
DCO2EXT,PCO2EXT,30.0,0,100,100,1.0,0.0,0.9630065017930143,1.0,PCO2EXT|duration=30,True,100
DCO2EXT,PCO2EXT,35.0,0,71,71,1.0,0.0,0.9486720478031097,1.0,PCO2EXT|duration=35,True,71
DCO2EXT,PCO2EXT,40.0,0,31,31,1.0,0.0,0.889744604539564,1.0,PCO2EXT|duration=40,True,31
DHEXT,PHEXT,16.0,23,77,100,0.77,0.23,0.6784561697712622,0.8415673411969654,PHEXT|duration=16,True,100
DHEXT,PHEXT,20.0,18,82,100,0.82,0.18,0.7333264161369926,0.8829977450105364,PHEXT|duration=20,True,100
DHEXT,PHEXT,23.0,23,77,100,0.77,0.23,0.6784561697712622,0.8415673411969654,PHEXT|duration=23,True,100
DHEXT,PHEXT,27.0,24,76,100,0.76,0.24,0.6676766365018553,0.8330867444305122,PHEXT|duration=27,True,100
DHEXT,PHEXT,30.0,22,78,100,0.78,0.22,0.6892964648501421,0.8499871761539459,PHEXT|duration=30,True,100
DTEXT,PTEXT,40.0,20,11,31,0.3548387096774194,0.6451612903225806,0.21116659093865403,0.5305204593563113,PTEXT|duration=40,True,31
DTEXT,PTEXT,45.0,7,2,9,0.2222222222222222,0.7777777777777778,0.06322510711784671,0.5474110308930111,PTEXT|duration=45,False,9
DTEXT,PTEXT,50.0,4,2,6,0.3333333333333333,0.6666666666666666,0.09677141110578041,0.700006684861608,PTEXT|duration=50,False,6
DTEXT,PTEXT,55.0,1,1,2,0.5,0.5,0.09453120573423074,0.9054687942657693,PTEXT|duration=55,False,2
DTEXT,PTEXT,60.0,1,0,1,0.0,1.0,0.0,0.7934506856227626,PTEXT|duration=60,False,1
DVEXT,PVV,20.0,38,62,100,0.62,0.38,0.5220975529551107,0.7090240074752127,PVV|duration=20,True,100
DVEXT,PVV,30.0,46,54,100,0.54,0.46,0.44264860323368227,0.6343919169097589,PVV|duration=30,True,100
DVEXT,PVV,40.0,14,17,31,0.5483870967741935,0.45161290322580644,0.37772167637354503,0.7083826401947998,PVV|duration=40,True,31
DVEXT,PVV,50.0,2,4,6,0.6666666666666666,0.3333333333333333,0.299993315138392,0.9032285888942195,PVV|duration=50,False,6
DVEXT,PVV,60.0,0,1,1,1.0,0.0,0.20654931437723745,1.0,PVV|duration=60,False,1
XCO2INT,XCO2I,20.0,0,100,100,1.0,0.0,0.9630065017930143,1.0,XCO2I|duration=20,True,100
XCO2INT,XCO2I,30.0,0,100,100,1.0,0.0,0.9630065017930143,1.0,XCO2I|duration=30,True,100
XCO2INT,XCO2I,40.0,0,31,31,1.0,0.0,0.889744604539564,1.0,XCO2I|duration=40,True,31
XCO2INT,XCO2I,50.0,0,6,6,1.0,0.0,0.6096657120978346,1.0,XCO2I|duration=50,False,6
XCO2INT,XCO2I,60.0,0,1,1,1.0,0.0,0.20654931437723745,1.0,XCO2I|duration=60,False,1
XGRINT,PRGINT,20.0,100,0,100,0.0,1.0,3.469446951953614e-18,0.03699349820698568,PRGINT|duration=20,True,100
XGRINT,PRGINT,30.0,58,0,58,0.0,1.0,0.0,0.062117855787202914,PRGINT|duration=30,True,58
XGRINT,PRGINT,40.0,18,0,18,0.0,1.0,0.0,0.17587922364665765,PRGINT|duration=40,False,18
XGRINT,PRGINT,50.0,4,0,4,0.0,1.0,0.0,0.4898908364545973,PRGINT|duration=50,False,4
XGRINT,PRGINT,60.0,1,0,1,0.0,1.0,0.0,0.7934506856227626,PRGINT|duration=60,False,1
XHINT,XHINV,16.0,51,49,100,0.49,0.51,0.3942199893044113,0.5865198806597283,XHINV|duration=16,True,100
XHINT,XHINV,20.0,50,50,100,0.5,0.5,0.4038315303659956,0.5961684696340044,XHINV|duration=20,True,100
XHINT,XHINV,23.0,55,45,100,0.45,0.55,0.3561453797951198,0.5475539700255787,XHINV|duration=23,True,100
XHINT,XHINV,27.0,51,49,100,0.49,0.51,0.3942199893044113,0.5865198806597283,XHINV|duration=27,True,100
XHINT,XHINV,30.0,61,39,100,0.39,0.61,0.3001687400639441,0.4879698295415926,XHINV|duration=30,True,100
XTINT,XTINV,40.0,18,13,31,0.41935483870967744,0.5806451612903226,0.2641554306731223,0.5923373750463029,XTINV|duration=40,True,31
XTINT,XTINV,45.0,7,2,9,0.2222222222222222,0.7777777777777778,0.06322510711784671,0.5474110308930111,XTINV|duration=45,False,9
XTINT,XTINV,50.0,4,2,6,0.3333333333333333,0.6666666666666666,0.09677141110578041,0.700006684861608,XTINV|duration=50,False,6
XTINT,XTINV,55.0,1,1,2,0.5,0.5,0.09453120573423074,0.9054687942657693,XTINV|duration=55,False,2
XTINT,XTINV,60.0,0,1,1,1.0,0.0,0.20654931437723745,1.0,XTINV|duration=60,False,1
