theta_dynamic,theta_ratio,theta_co2,theta_duration,theta_delta,fail,pass,valid_property_checks,conformance_rate,counterexample_rate,cr_ci95_low,cr_ci95_high
co2_vent,,700.0,3.0,,4,96,100,0.96,0.04,0.9016292856411208,0.9843366960084523
co2_vent,,700.0,5.0,,0,100,100,1.0,0.0,0.9630065017930143,1.0
co2_vent,,700.0,8.0,,1,99,100,0.99,0.01,0.9455138038212946,0.9982325679358593
co2_vent,,950.0,3.0,,0,100,100,1.0,0.0,0.9630065017930143,1.0
co2_vent,,950.0,5.0,,0,100,100,1.0,0.0,0.9630065017930143,1.0
co2_vent,,950.0,8.0,,0,100,100,1.0,0.0,0.9630065017930143,1.0
co2_vent,,1200.0,3.0,,1,99,100,0.99,0.01,0.9455138038212946,0.9982325679358593
co2_vent,,1200.0,5.0,,2,98,100,0.98,0.02,0.929988209271456,0.9944980324498376
co2_vent,,1200.0,8.0,,0,100,100,1.0,0.0,0.9630065017930143,1.0
radiation,0.02,,,,0,100,100,1.0,0.0,0.9630065017930143,1.0
radiation,0.05,,,,1,99,100,0.99,0.01,0.9455138038212946,0.9982325679358593
radiation,0.08,,,,0,100,100,1.0,0.0,0.9630065017930143,1.0
temp_inversion,,,,3.0,1,99,100,0.99,0.01,0.9455138038212946,0.9982325679358593
temp_inversion,,,,6.5,0,100,100,1.0,0.0,0.9630065017930143,1.0
temp_inversion,,,,10.0,0,100,100,1.0,0.0,0.9630065017930143,1.0
