paper_sensor,theta_sensor,theta_alpha,theta_direction,pass,fail,valid_property_checks,conformance_rate,counterexample_rate,cr_ci95_low,cr_ci95_high
DCO2EXT,PCO2EXT,0.01,above,100,0,100,1.0,0.0,0.9630065017930143,1.0
DCO2EXT,PCO2EXT,0.01,below,100,0,100,1.0,0.0,0.9630065017930143,1.0
DCO2EXT,PCO2EXT,0.025,above,100,0,100,1.0,0.0,0.9630065017930143,1.0
DCO2EXT,PCO2EXT,0.025,below,100,0,100,1.0,0.0,0.9630065017930143,1.0
DCO2EXT,PCO2EXT,0.05,above,100,0,100,1.0,0.0,0.9630065017930143,1.0
DCO2EXT,PCO2EXT,0.05,below,100,0,100,1.0,0.0,0.9630065017930143,1.0
DCO2EXT,PCO2EXT,0.1,above,100,0,100,1.0,0.0,0.9630065017930143,1.0
DCO2EXT,PCO2EXT,0.1,below,100,0,100,1.0,0.0,0.9630065017930143,1.0
DGREXT,PRAD,0.01,above,100,0,100,1.0,0.0,0.9630065017930143,1.0
DGREXT,PRAD,0.01,below,100,0,100,1.0,0.0,0.9630065017930143,1.0
DGREXT,PRAD,0.025,above,100,0,100,1.0,0.0,0.9630065017930143,1.0
DGREXT,PRAD,0.025,below,100,0,100,1.0,0.0,0.9630065017930143,1.0
DGREXT,PRAD,0.05,above,100,0,100,1.0,0.0,0.9630065017930143,1.0
DGREXT,PRAD,0.05,below,100,0,100,1.0,0.0,0.9630065017930143,1.0
DGREXT,PRAD,0.1,above,100,0,100,1.0,0.0,0.9630065017930143,1.0
DGREXT,PRAD,0.1,below,100,0,100,1.0,0.0,0.9630065017930143,1.0
DHEXT,PHEXT,0.01,above,100,0,100,1.0,0.0,0.9630065017930143,1.0
DHEXT,PHEXT,0.01,below,100,0,100,1.0,0.0,0.9630065017930143,1.0
DHEXT,PHEXT,0.025,above,100,0,100,1.0,0.0,0.9630065017930143,1.0
DHEXT,PHEXT,0.025,below,100,0,100,1.0,0.0,0.9630065017930143,1.0
DHEXT,PHEXT,0.05,above,100,0,100,1.0,0.0,0.9630065017930143,1.0
DHEXT,PHEXT,0.05,below,100,0,100,1.0,0.0,0.9630065017930143,1.0
DHEXT,PHEXT,0.1,above,100,0,100,1.0,0.0,0.9630065017930143,1.0
DHEXT,PHEXT,0.1,below,100,0,100,1.0,0.0,0.9630065017930143,1.0
DTEXT,PTEXT,0.01,above,100,0,100,1.0,0.0,0.9630065017930143,1.0
DTEXT,PTEXT,0.01,below,100,0,100,1.0,0.0,0.9630065017930143,1.0
DTEXT,PTEXT,0.025,above,100,0,100,1.0,0.0,0.9630065017930143,1.0
DTEXT,PTEXT,0.025,below,100,0,100,1.0,0.0,0.9630065017930143,1.0
DTEXT,PTEXT,0.05,above,100,0,100,1.0,0.0,0.9630065017930143,1.0
DTEXT,PTEXT,0.05,below,100,0,100,1.0,0.0,0.9630065017930143,1.0
DTEXT,PTEXT,0.1,above,100,0,100,1.0,0.0,0.9630065017930143,1.0
DTEXT,PTEXT,0.1,below,100,0,100,1.0,0.0,0.9630065017930143,1.0
DVEXT,PVV,0.01,above,100,0,100,1.0,0.0,0.9630065017930143,1.0
DVEXT,PVV,0.01,below,100,0,100,1.0,0.0,0.9630065017930143,1.0
DVEXT,PVV,0.025,above,100,0,100,1.0,0.0,0.9630065017930143,1.0
DVEXT,PVV,0.025,below,100,0,100,1.0,0.0,0.9630065017930143,1.0
DVEXT,PVV,0.05,above,100,0,100,1.0,0.0,0.9630065017930143,1.0
DVEXT,PVV,0.05,below,100,0,100,1.0,0.0,0.9630065017930143,1.0
DVEXT,PVV,0.1,above,100,0,100,1.0,0.0,0.9630065017930143,1.0
DVEXT,PVV,0.1,below,100,0,100,1.0,0.0,0.9630065017930143,1.0
XCO2INT,XCO2I,0.01,above,100,0,100,1.0,0.0,0.9630065017930143,1.0
XCO2INT,XCO2I,0.01,below,100,0,100,1.0,0.0,0.9630065017930143,1.0
XCO2INT,XCO2I,0.025,above,100,0,100,1.0,0.0,0.9630065017930143,1.0
XCO2INT,XCO2I,0.025,below,100,0,100,1.0,0.0,0.9630065017930143,1.0
XCO2INT,XCO2I,0.05,above,100,0,100,1.0,0.0,0.9630065017930143,1.0
XCO2INT,XCO2I,0.05,below,100,0,100,1.0,0.0,0.9630065017930143,1.0
XCO2INT,XCO2I,0.1,above,100,0,100,1.0,0.0,0.9630065017930143,1.0
XCO2INT,XCO2I,0.1,below,100,0,100,1.0,0.0,0.9630065017930143,1.0
XGRINT,PRGINT,0.01,above,100,0,100,1.0,0.0,0.9630065017930143,1.0
XGRINT,PRGINT,0.01,below,100,0,100,1.0,0.0,0.9630065017930143,1.0
XGRINT,PRGINT,0.025,above,100,0,100,1.0,0.0,0.9630065017930143,1.0
XGRINT,PRGINT,0.025,below,100,0,100,1.0,0.0,0.9630065017930143,1.0
XGRINT,PRGINT,0.05,above,100,0,100,1.0,0.0,0.9630065017930143,1.0
XGRINT,PRGINT,0.05,below,100,0,100,1.0,0.0,0.9630065017930143,1.0
XGRINT,PRGINT,0.1,above,100,0,100,1.0,0.0,0.9630065017930143,1.0
XGRINT,PRGINT,0.1,below,100,0,100,1.0,0.0,0.9630065017930143,1.0
XHINT,XHINV,0.01,above,100,0,100,1.0,0.0,0.9630065017930143,1.0
XHINT,XHINV,0.01,below,100,0,100,1.0,0.0,0.9630065017930143,1.0
XHINT,XHINV,0.025,above,100,0,100,1.0,0.0,0.9630065017930143,1.0
XHINT,XHINV,0.025,below,100,0,100,1.0,0.0,0.9630065017930143,1.0
XHINT,XHINV,0.05,above,100,0,100,1.0,0.0,0.9630065017930143,1.0
XHINT,XHINV,0.05,below,100,0,100,1.0,0.0,0.9630065017930143,1.0
XHINT,XHINV,0.1,above,100,0,100,1.0,0.0,0.9630065017930143,1.0
XHINT,XHINV,0.1,below,100,0,100,1.0,0.0,0.9630065017930143,1.0
XTINT,XTINV,0.01,above,100,0,100,1.0,0.0,0.9630065017930143,1.0
XTINT,XTINV,0.01,below,100,0,100,1.0,0.0,0.9630065017930143,1.0
XTINT,XTINV,0.025,above,100,0,100,1.0,0.0,0.9630065017930143,1.0
XTINT,XTINV,0.025,below,100,0,100,1.0,0.0,0.9630065017930143,1.0
XTINT,XTINV,0.05,above,100,0,100,1.0,0.0,0.9630065017930143,1.0
XTINT,XTINV,0.05,below,100,0,100,1.0,0.0,0.9630065017930143,1.0
XTINT,XTINV,0.1,above,100,0,100,1.0,0.0,0.9630065017930143,1.0
XTINT,XTINV,0.1,below,100,0,100,1.0,0.0,0.9630065017930143,1.0
