property,configuration,fail,pass,valid_property_checks
CA,co2_vent,8,892,900
CA,radiation,1,299,300
CA,temp_inversion,1,299,300
CD,"PHEXT,XHINV|high",200,0,200
CD,"PHEXT,XHINV|low",200,0,200
CD,"PRAD,PRGINT|high",0,200,200
CD,"PRAD,PRGINT|low",188,12,200
CD,"PTEXT,XTINV|high",147,53,200
CD,"PTEXT,XTINV|low",200,0,200
CD,"XTINV,XHINV|high",195,5,200
CD,"XTINV,XHINV|low",144,56,200
MV,PCO2EXT,0,500,500
MV,PHEXT,0,500,500
MV,PRAD,0,500,500
MV,PRGINT,0,500,500
MV,PTEXT,0,500,500
MV,PVV,0,500,500
MV,XCO2I,0,500,500
MV,XHINV,0,500,500
MV,XTINV,0,500,500
N,PCO2EXT,77,723,800
N,PHEXT,38,762,800
N,PRAD,19,381,400
N,PRGINT,32,368,400
N,PTEXT,18,782,800
N,PVV,238,162,400
N,XCO2I,30,770,800
N,XHINV,56,744,800
N,XTINV,22,778,800
ORV,PCO2EXT,0,800,800
ORV,PHEXT,0,800,800
ORV,PRAD,0,800,800
ORV,PRGINT,0,800,800
ORV,PTEXT,0,800,800
ORV,PVV,0,800,800
ORV,XCO2I,0,800,800
ORV,XHINV,0,800,800
ORV,XTINV,0,800,800
PSF,cardinality=4,0,1260,1260
PSF,cardinality=5,0,1260,1260
PSF,cardinality=6,0,840,840
PSF,cardinality=7,0,360,360
PSF,cardinality=8,0,90,90
SS,PCO2EXT|duration=20,0,100,100
SS,PCO2EXT|duration=25,0,100,100
SS,PCO2EXT|duration=30,0,100,100
SS,PCO2EXT|duration=35,0,71,71
SS,PCO2EXT|duration=40,0,31,31
SS,PHEXT|duration=16,23,77,100
SS,PHEXT|duration=20,18,82,100
SS,PHEXT|duration=23,23,77,100
SS,PHEXT|duration=27,24,76,100
SS,PHEXT|duration=30,22,78,100
SS,PRGINT|duration=20,100,0,100
SS,PRGINT|duration=30,58,0,58
SS,PRGINT|duration=40,18,0,18
SS,PRGINT|duration=50,4,0,4
SS,PRGINT|duration=60,1,0,1
SS,PTEXT|duration=40,20,11,31
SS,PTEXT|duration=45,7,2,9
SS,PTEXT|duration=50,4,2,6
SS,PTEXT|duration=55,1,1,2
SS,PTEXT|duration=60,1,0,1
SS,PVV|duration=20,38,62,100
SS,PVV|duration=30,46,54,100
SS,PVV|duration=40,14,17,31
SS,PVV|duration=50,2,4,6
SS,PVV|duration=60,0,1,1
SS,XCO2I|duration=20,0,100,100
SS,XCO2I|duration=30,0,100,100
SS,XCO2I|duration=40,0,31,31
SS,XCO2I|duration=50,0,6,6
SS,XCO2I|duration=60,0,1,1
SS,XHINV|duration=16,51,49,100
SS,XHINV|duration=20,50,50,100
SS,XHINV|duration=23,55,45,100
SS,XHINV|duration=27,51,49,100
SS,XHINV|duration=30,61,39,100
SS,XTINV|duration=40,18,13,31
SS,XTINV|duration=45,7,2,9
SS,XTINV|duration=50,4,2,6
SS,XTINV|duration=55,1,1,2
SS,XTINV|duration=60,0,1,1
