paper_sensor,implementation_sensor,duration,requested_base_windows,available_independent_admissible_windows,final_planned_checks,quota_achieved_pct,insufficient
DCO2EXT,PCO2EXT,20,100,804,100,100.0,False
DCO2EXT,PCO2EXT,25,100,360,100,100.0,False
DCO2EXT,PCO2EXT,30,100,159,100,100.0,False
DCO2EXT,PCO2EXT,35,100,71,71,71.0,True
DCO2EXT,PCO2EXT,40,100,31,31,31.0,True
DHEXT,PHEXT,16,100,1644,100,100.0,False
DHEXT,PHEXT,20,100,804,100,100.0,False
DHEXT,PHEXT,23,100,493,100,100.0,False
DHEXT,PHEXT,27,100,272,100,100.0,False
DHEXT,PHEXT,30,100,159,100,100.0,False
XGRINT,PRGINT,20,100,380,100,100.0,False
XGRINT,PRGINT,30,100,58,58,58.0,True
XGRINT,PRGINT,40,100,18,18,18.0,True
XGRINT,PRGINT,50,100,4,4,4.0,True
XGRINT,PRGINT,60,100,1,1,1.0,True
DTEXT,PTEXT,40,100,31,31,31.0,True
DTEXT,PTEXT,45,100,9,9,9.0,True
DTEXT,PTEXT,50,100,6,6,6.0,True
DTEXT,PTEXT,55,100,2,2,2.0,True
DTEXT,PTEXT,60,100,1,1,1.0,True
DVEXT,PVV,20,100,804,100,100.0,False
DVEXT,PVV,30,100,159,100,100.0,False
DVEXT,PVV,40,100,31,31,31.0,True
DVEXT,PVV,50,100,6,6,6.0,True
DVEXT,PVV,60,100,1,1,1.0,True
XCO2INT,XCO2I,20,100,804,100,100.0,False
XCO2INT,XCO2I,30,100,159,100,100.0,False
XCO2INT,XCO2I,40,100,31,31,31.0,True
XCO2INT,XCO2I,50,100,6,6,6.0,True
XCO2INT,XCO2I,60,100,1,1,1.0,True
XHINT,XHINV,16,100,1644,100,100.0,False
XHINT,XHINV,20,100,804,100,100.0,False
XHINT,XHINV,23,100,493,100,100.0,False
XHINT,XHINV,27,100,272,100,100.0,False
XHINT,XHINV,30,100,159,100,100.0,False
XTINT,XTINV,40,100,31,31,31.0,True
XTINT,XTINV,45,100,9,9,9.0,True
XTINT,XTINV,50,100,6,6,6.0,True
XTINT,XTINV,55,100,2,2,2.0,True
XTINT,XTINV,60,100,1,1,1.0,True
