property,theta_json,generated_checks
CA,"{""co2"": 1200.0, ""duration"": 3, ""dynamic"": ""co2_vent"", ""target"": ""XCO2I""}",100
CA,"{""co2"": 1200.0, ""duration"": 5, ""dynamic"": ""co2_vent"", ""target"": ""XCO2I""}",100
CA,"{""co2"": 1200.0, ""duration"": 8, ""dynamic"": ""co2_vent"", ""target"": ""XCO2I""}",100
CA,"{""co2"": 700.0, ""duration"": 3, ""dynamic"": ""co2_vent"", ""target"": ""XCO2I""}",100
CA,"{""co2"": 700.0, ""duration"": 5, ""dynamic"": ""co2_vent"", ""target"": ""XCO2I""}",100
CA,"{""co2"": 700.0, ""duration"": 8, ""dynamic"": ""co2_vent"", ""target"": ""XCO2I""}",100
CA,"{""co2"": 950.0, ""duration"": 3, ""dynamic"": ""co2_vent"", ""target"": ""XCO2I""}",100
CA,"{""co2"": 950.0, ""duration"": 5, ""dynamic"": ""co2_vent"", ""target"": ""XCO2I""}",100
CA,"{""co2"": 950.0, ""duration"": 8, ""dynamic"": ""co2_vent"", ""target"": ""XCO2I""}",100
CA,"{""delta"": 10.0, ""dynamic"": ""temp_inversion"", ""target"": ""XTINV""}",100
CA,"{""delta"": 3.0, ""dynamic"": ""temp_inversion"", ""target"": ""XTINV""}",100
CA,"{""delta"": 6.5, ""dynamic"": ""temp_inversion"", ""target"": ""XTINV""}",100
CA,"{""dynamic"": ""radiation"", ""ratio"": 0.02, ""target"": ""PRGINT""}",100
CA,"{""dynamic"": ""radiation"", ""ratio"": 0.05, ""target"": ""PRGINT""}",100
CA,"{""dynamic"": ""radiation"", ""ratio"": 0.08, ""target"": ""PRGINT""}",100
CD,"{""corr_sign"": -1, ""reference"": ""XHINV"", ""reference_quartile"": ""high"", ""target"": ""XTINV""}",200
CD,"{""corr_sign"": -1, ""reference"": ""XHINV"", ""reference_quartile"": ""low"", ""target"": ""XTINV""}",200
CD,"{""corr_sign"": 1, ""reference"": ""PRGINT"", ""reference_quartile"": ""high"", ""target"": ""PRAD""}",200
CD,"{""corr_sign"": 1, ""reference"": ""PRGINT"", ""reference_quartile"": ""low"", ""target"": ""PRAD""}",200
CD,"{""corr_sign"": 1, ""reference"": ""XHINV"", ""reference_quartile"": ""high"", ""target"": ""PHEXT""}",200
CD,"{""corr_sign"": 1, ""reference"": ""XHINV"", ""reference_quartile"": ""low"", ""target"": ""PHEXT""}",200
CD,"{""corr_sign"": 1, ""reference"": ""XTINV"", ""reference_quartile"": ""high"", ""target"": ""PTEXT""}",200
CD,"{""corr_sign"": 1, ""reference"": ""XTINV"", ""reference_quartile"": ""low"", ""target"": ""PTEXT""}",200
MV,"{""paper_sensor"": ""DCO2EXT"", ""sensor"": ""PCO2EXT""}",500
MV,"{""paper_sensor"": ""DGREXT"", ""sensor"": ""PRAD""}",500
MV,"{""paper_sensor"": ""DHEXT"", ""sensor"": ""PHEXT""}",500
MV,"{""paper_sensor"": ""DTEXT"", ""sensor"": ""PTEXT""}",500
MV,"{""paper_sensor"": ""DVEXT"", ""sensor"": ""PVV""}",500
MV,"{""paper_sensor"": ""XCO2INT"", ""sensor"": ""XCO2I""}",500
MV,"{""paper_sensor"": ""XGRINT"", ""sensor"": ""PRGINT""}",500
MV,"{""paper_sensor"": ""XHINT"", ""sensor"": ""XHINV""}",500
MV,"{""paper_sensor"": ""XTINT"", ""sensor"": ""XTINV""}",500
N,"{""direction"": -1, ""magnitude"": 10.0, ""paper_sensor"": ""DHEXT"", ""sensor"": ""PHEXT""}",80
N,"{""direction"": -1, ""magnitude"": 10.0, ""paper_sensor"": ""XHINT"", ""sensor"": ""XHINV""}",80
N,"{""direction"": -1, ""magnitude"": 110.0, ""paper_sensor"": ""XCO2INT"", ""sensor"": ""XCO2I""}",80
N,"{""direction"": -1, ""magnitude"": 13.75, ""paper_sensor"": ""DHEXT"", ""sensor"": ""PHEXT""}",80
N,"{""direction"": -1, ""magnitude"": 13.75, ""paper_sensor"": ""XHINT"", ""sensor"": ""XHINV""}",80
N,"{""direction"": -1, ""magnitude"": 135.0, ""paper_sensor"": ""XCO2INT"", ""sensor"": ""XCO2I""}",80
N,"{""direction"": -1, ""magnitude"": 160.0, ""paper_sensor"": ""XCO2INT"", ""sensor"": ""XCO2I""}",80
N,"{""direction"": -1, ""magnitude"": 17.5, ""paper_sensor"": ""DHEXT"", ""sensor"": ""PHEXT""}",80
N,"{""direction"": -1, ""magnitude"": 17.5, ""paper_sensor"": ""XHINT"", ""sensor"": ""XHINV""}",80
N,"{""direction"": -1, ""magnitude"": 21.25, ""paper_sensor"": ""DHEXT"", ""sensor"": ""PHEXT""}",80
N,"{""direction"": -1, ""magnitude"": 21.25, ""paper_sensor"": ""XHINT"", ""sensor"": ""XHINV""}",80
N,"{""direction"": -1, ""magnitude"": 25.0, ""paper_sensor"": ""DCO2EXT"", ""sensor"": ""PCO2EXT""}",80
N,"{""direction"": -1, ""magnitude"": 25.0, ""paper_sensor"": ""DHEXT"", ""sensor"": ""PHEXT""}",80
N,"{""direction"": -1, ""magnitude"": 25.0, ""paper_sensor"": ""XHINT"", ""sensor"": ""XHINV""}",80
N,"{""direction"": -1, ""magnitude"": 3.0, ""paper_sensor"": ""DTEXT"", ""sensor"": ""PTEXT""}",80
N,"{""direction"": -1, ""magnitude"": 3.0, ""paper_sensor"": ""XTINT"", ""sensor"": ""XTINV""}",80
N,"{""direction"": -1, ""magnitude"": 37.5, ""paper_sensor"": ""DCO2EXT"", ""sensor"": ""PCO2EXT""}",80
N,"{""direction"": -1, ""magnitude"": 4.25, ""paper_sensor"": ""DTEXT"", ""sensor"": ""PTEXT""}",80
N,"{""direction"": -1, ""magnitude"": 4.25, ""paper_sensor"": ""XTINT"", ""sensor"": ""XTINV""}",80
N,"{""direction"": -1, ""magnitude"": 5.5, ""paper_sensor"": ""DTEXT"", ""sensor"": ""PTEXT""}",80
N,"{""direction"": -1, ""magnitude"": 5.5, ""paper_sensor"": ""XTINT"", ""sensor"": ""XTINV""}",80
N,"{""direction"": -1, ""magnitude"": 50.0, ""paper_sensor"": ""DCO2EXT"", ""sensor"": ""PCO2EXT""}",80
N,"{""direction"": -1, ""magnitude"": 6.75, ""paper_sensor"": ""DTEXT"", ""sensor"": ""PTEXT""}",80
N,"{""direction"": -1, ""magnitude"": 6.75, ""paper_sensor"": ""XTINT"", ""sensor"": ""XTINV""}",80
N,"{""direction"": -1, ""magnitude"": 60.0, ""paper_sensor"": ""XCO2INT"", ""sensor"": ""XCO2I""}",80
N,"{""direction"": -1, ""magnitude"": 62.5, ""paper_sensor"": ""DCO2EXT"", ""sensor"": ""PCO2EXT""}",80
N,"{""direction"": -1, ""magnitude"": 75.0, ""paper_sensor"": ""DCO2EXT"", ""sensor"": ""PCO2EXT""}",80
N,"{""direction"": -1, ""magnitude"": 8.0, ""paper_sensor"": ""DTEXT"", ""sensor"": ""PTEXT""}",80
N,"{""direction"": -1, ""magnitude"": 8.0, ""paper_sensor"": ""XTINT"", ""sensor"": ""XTINV""}",80
N,"{""direction"": -1, ""magnitude"": 85.0, ""paper_sensor"": ""XCO2INT"", ""sensor"": ""XCO2I""}",80
N,"{""direction"": 1, ""magnitude"": 10.0, ""paper_sensor"": ""DHEXT"", ""sensor"": ""PHEXT""}",80
N,"{""direction"": 1, ""magnitude"": 10.0, ""paper_sensor"": ""XHINT"", ""sensor"": ""XHINV""}",80
N,"{""direction"": 1, ""magnitude"": 110.0, ""paper_sensor"": ""XCO2INT"", ""sensor"": ""XCO2I""}",80
N,"{""direction"": 1, ""magnitude"": 122.5, ""paper_sensor"": ""XGRINT"", ""sensor"": ""PRGINT""}",80
N,"{""direction"": 1, ""magnitude"": 13.75, ""paper_sensor"": ""DHEXT"", ""sensor"": ""PHEXT""}",80
N,"{""direction"": 1, ""magnitude"": 13.75, ""paper_sensor"": ""XHINT"", ""sensor"": ""XHINV""}",80
N,"{""direction"": 1, ""magnitude"": 135.0, ""paper_sensor"": ""XCO2INT"", ""sensor"": ""XCO2I""}",80
N,"{""direction"": 1, ""magnitude"": 150.0, ""paper_sensor"": ""DGREXT"", ""sensor"": ""PRAD""}",80
N,"{""direction"": 1, ""magnitude"": 160.0, ""paper_sensor"": ""XCO2INT"", ""sensor"": ""XCO2I""}",80
N,"{""direction"": 1, ""magnitude"": 165.0, ""paper_sensor"": ""XGRINT"", ""sensor"": ""PRGINT""}",80
N,"{""direction"": 1, ""magnitude"": 17.5, ""paper_sensor"": ""DHEXT"", ""sensor"": ""PHEXT""}",80
N,"{""direction"": 1, ""magnitude"": 17.5, ""paper_sensor"": ""XHINT"", ""sensor"": ""XHINV""}",80
N,"{""direction"": 1, ""magnitude"": 207.5, ""paper_sensor"": ""XGRINT"", ""sensor"": ""PRGINT""}",80
N,"{""direction"": 1, ""magnitude"": 21.25, ""paper_sensor"": ""DHEXT"", ""sensor"": ""PHEXT""}",80
N,"{""direction"": 1, ""magnitude"": 21.25, ""paper_sensor"": ""XHINT"", ""sensor"": ""XHINV""}",80
N,"{""direction"": 1, ""magnitude"": 237.5, ""paper_sensor"": ""DGREXT"", ""sensor"": ""PRAD""}",80
N,"{""direction"": 1, ""magnitude"": 25.0, ""paper_sensor"": ""DCO2EXT"", ""sensor"": ""PCO2EXT""}",80
N,"{""direction"": 1, ""magnitude"": 25.0, ""paper_sensor"": ""DHEXT"", ""sensor"": ""PHEXT""}",80
N,"{""direction"": 1, ""magnitude"": 25.0, ""paper_sensor"": ""XHINT"", ""sensor"": ""XHINV""}",80
N,"{""direction"": 1, ""magnitude"": 250.0, ""paper_sensor"": ""XGRINT"", ""sensor"": ""PRGINT""}",80
N,"{""direction"": 1, ""magnitude"": 3.0, ""paper_sensor"": ""DTEXT"", ""sensor"": ""PTEXT""}",80
N,"{""direction"": 1, ""magnitude"": 3.0, ""paper_sensor"": ""XTINT"", ""sensor"": ""XTINV""}",80
N,"{""direction"": 1, ""magnitude"": 325.0, ""paper_sensor"": ""DGREXT"", ""sensor"": ""PRAD""}",80
N,"{""direction"": 1, ""magnitude"": 37.5, ""paper_sensor"": ""DCO2EXT"", ""sensor"": ""PCO2EXT""}",80
N,"{""direction"": 1, ""magnitude"": 4.25, ""paper_sensor"": ""DTEXT"", ""sensor"": ""PTEXT""}",80
N,"{""direction"": 1, ""magnitude"": 4.25, ""paper_sensor"": ""XTINT"", ""sensor"": ""XTINV""}",80
N,"{""direction"": 1, ""magnitude"": 412.5, ""paper_sensor"": ""DGREXT"", ""sensor"": ""PRAD""}",80
N,"{""direction"": 1, ""magnitude"": 5.0, ""paper_sensor"": ""DVEXT"", ""sensor"": ""PVV""}",80
N,"{""direction"": 1, ""magnitude"": 5.5, ""paper_sensor"": ""DTEXT"", ""sensor"": ""PTEXT""}",80
N,"{""direction"": 1, ""magnitude"": 5.5, ""paper_sensor"": ""XTINT"", ""sensor"": ""XTINV""}",80
N,"{""direction"": 1, ""magnitude"": 50.0, ""paper_sensor"": ""DCO2EXT"", ""sensor"": ""PCO2EXT""}",80
N,"{""direction"": 1, ""magnitude"": 500.0, ""paper_sensor"": ""DGREXT"", ""sensor"": ""PRAD""}",80
N,"{""direction"": 1, ""magnitude"": 6.0, ""paper_sensor"": ""DVEXT"", ""sensor"": ""PVV""}",80
N,"{""direction"": 1, ""magnitude"": 6.75, ""paper_sensor"": ""DTEXT"", ""sensor"": ""PTEXT""}",80
N,"{""direction"": 1, ""magnitude"": 6.75, ""paper_sensor"": ""XTINT"", ""sensor"": ""XTINV""}",80
N,"{""direction"": 1, ""magnitude"": 60.0, ""paper_sensor"": ""XCO2INT"", ""sensor"": ""XCO2I""}",80
N,"{""direction"": 1, ""magnitude"": 62.5, ""paper_sensor"": ""DCO2EXT"", ""sensor"": ""PCO2EXT""}",80
N,"{""direction"": 1, ""magnitude"": 7.0, ""paper_sensor"": ""DVEXT"", ""sensor"": ""PVV""}",80
N,"{""direction"": 1, ""magnitude"": 75.0, ""paper_sensor"": ""DCO2EXT"", ""sensor"": ""PCO2EXT""}",80
N,"{""direction"": 1, ""magnitude"": 8.0, ""paper_sensor"": ""DTEXT"", ""sensor"": ""PTEXT""}",80
N,"{""direction"": 1, ""magnitude"": 8.0, ""paper_sensor"": ""DVEXT"", ""sensor"": ""PVV""}",80
N,"{""direction"": 1, ""magnitude"": 8.0, ""paper_sensor"": ""XTINT"", ""sensor"": ""XTINV""}",80
N,"{""direction"": 1, ""magnitude"": 80.0, ""paper_sensor"": ""XGRINT"", ""sensor"": ""PRGINT""}",80
N,"{""direction"": 1, ""magnitude"": 85.0, ""paper_sensor"": ""XCO2INT"", ""sensor"": ""XCO2I""}",80
N,"{""direction"": 1, ""magnitude"": 9.0, ""paper_sensor"": ""DVEXT"", ""sensor"": ""PVV""}",80
ORV,"{""alpha"": 0.01, ""direction"": ""above"", ""paper_sensor"": ""DCO2EXT"", ""sensor"": ""PCO2EXT""}",100
ORV,"{""alpha"": 0.01, ""direction"": ""above"", ""paper_sensor"": ""DGREXT"", ""sensor"": ""PRAD""}",100
ORV,"{""alpha"": 0.01, ""direction"": ""above"", ""paper_sensor"": ""DHEXT"", ""sensor"": ""PHEXT""}",100
ORV,"{""alpha"": 0.01, ""direction"": ""above"", ""paper_sensor"": ""DTEXT"", ""sensor"": ""PTEXT""}",100
ORV,"{""alpha"": 0.01, ""direction"": ""above"", ""paper_sensor"": ""DVEXT"", ""sensor"": ""PVV""}",100
ORV,"{""alpha"": 0.01, ""direction"": ""above"", ""paper_sensor"": ""XCO2INT"", ""sensor"": ""XCO2I""}",100
ORV,"{""alpha"": 0.01, ""direction"": ""above"", ""paper_sensor"": ""XGRINT"", ""sensor"": ""PRGINT""}",100
ORV,"{""alpha"": 0.01, ""direction"": ""above"", ""paper_sensor"": ""XHINT"", ""sensor"": ""XHINV""}",100
ORV,"{""alpha"": 0.01, ""direction"": ""above"", ""paper_sensor"": ""XTINT"", ""sensor"": ""XTINV""}",100
ORV,"{""alpha"": 0.01, ""direction"": ""below"", ""paper_sensor"": ""DCO2EXT"", ""sensor"": ""PCO2EXT""}",100
ORV,"{""alpha"": 0.01, ""direction"": ""below"", ""paper_sensor"": ""DGREXT"", ""sensor"": ""PRAD""}",100
ORV,"{""alpha"": 0.01, ""direction"": ""below"", ""paper_sensor"": ""DHEXT"", ""sensor"": ""PHEXT""}",100
ORV,"{""alpha"": 0.01, ""direction"": ""below"", ""paper_sensor"": ""DTEXT"", ""sensor"": ""PTEXT""}",100
ORV,"{""alpha"": 0.01, ""direction"": ""below"", ""paper_sensor"": ""DVEXT"", ""sensor"": ""PVV""}",100
ORV,"{""alpha"": 0.01, ""direction"": ""below"", ""paper_sensor"": ""XCO2INT"", ""sensor"": ""XCO2I""}",100
ORV,"{""alpha"": 0.01, ""direction"": ""below"", ""paper_sensor"": ""XGRINT"", ""sensor"": ""PRGINT""}",100
ORV,"{""alpha"": 0.01, ""direction"": ""below"", ""paper_sensor"": ""XHINT"", ""sensor"": ""XHINV""}",100
ORV,"{""alpha"": 0.01, ""direction"": ""below"", ""paper_sensor"": ""XTINT"", ""sensor"": ""XTINV""}",100
ORV,"{""alpha"": 0.025, ""direction"": ""above"", ""paper_sensor"": ""DCO2EXT"", ""sensor"": ""PCO2EXT""}",100
ORV,"{""alpha"": 0.025, ""direction"": ""above"", ""paper_sensor"": ""DGREXT"", ""sensor"": ""PRAD""}",100
ORV,"{""alpha"": 0.025, ""direction"": ""above"", ""paper_sensor"": ""DHEXT"", ""sensor"": ""PHEXT""}",100
ORV,"{""alpha"": 0.025, ""direction"": ""above"", ""paper_sensor"": ""DTEXT"", ""sensor"": ""PTEXT""}",100
ORV,"{""alpha"": 0.025, ""direction"": ""above"", ""paper_sensor"": ""DVEXT"", ""sensor"": ""PVV""}",100
ORV,"{""alpha"": 0.025, ""direction"": ""above"", ""paper_sensor"": ""XCO2INT"", ""sensor"": ""XCO2I""}",100
ORV,"{""alpha"": 0.025, ""direction"": ""above"", ""paper_sensor"": ""XGRINT"", ""sensor"": ""PRGINT""}",100
ORV,"{""alpha"": 0.025, ""direction"": ""above"", ""paper_sensor"": ""XHINT"", ""sensor"": ""XHINV""}",100
ORV,"{""alpha"": 0.025, ""direction"": ""above"", ""paper_sensor"": ""XTINT"", ""sensor"": ""XTINV""}",100
ORV,"{""alpha"": 0.025, ""direction"": ""below"", ""paper_sensor"": ""DCO2EXT"", ""sensor"": ""PCO2EXT""}",100
ORV,"{""alpha"": 0.025, ""direction"": ""below"", ""paper_sensor"": ""DGREXT"", ""sensor"": ""PRAD""}",100
ORV,"{""alpha"": 0.025, ""direction"": ""below"", ""paper_sensor"": ""DHEXT"", ""sensor"": ""PHEXT""}",100
ORV,"{""alpha"": 0.025, ""direction"": ""below"", ""paper_sensor"": ""DTEXT"", ""sensor"": ""PTEXT""}",100
ORV,"{""alpha"": 0.025, ""direction"": ""below"", ""paper_sensor"": ""DVEXT"", ""sensor"": ""PVV""}",100
ORV,"{""alpha"": 0.025, ""direction"": ""below"", ""paper_sensor"": ""XCO2INT"", ""sensor"": ""XCO2I""}",100
ORV,"{""alpha"": 0.025, ""direction"": ""below"", ""paper_sensor"": ""XGRINT"", ""sensor"": ""PRGINT""}",100
ORV,"{""alpha"": 0.025, ""direction"": ""below"", ""paper_sensor"": ""XHINT"", ""sensor"": ""XHINV""}",100
ORV,"{""alpha"": 0.025, ""direction"": ""below"", ""paper_sensor"": ""XTINT"", ""sensor"": ""XTINV""}",100
ORV,"{""alpha"": 0.05, ""direction"": ""above"", ""paper_sensor"": ""DCO2EXT"", ""sensor"": ""PCO2EXT""}",100
ORV,"{""alpha"": 0.05, ""direction"": ""above"", ""paper_sensor"": ""DGREXT"", ""sensor"": ""PRAD""}",100
ORV,"{""alpha"": 0.05, ""direction"": ""above"", ""paper_sensor"": ""DHEXT"", ""sensor"": ""PHEXT""}",100
ORV,"{""alpha"": 0.05, ""direction"": ""above"", ""paper_sensor"": ""DTEXT"", ""sensor"": ""PTEXT""}",100
ORV,"{""alpha"": 0.05, ""direction"": ""above"", ""paper_sensor"": ""DVEXT"", ""sensor"": ""PVV""}",100
ORV,"{""alpha"": 0.05, ""direction"": ""above"", ""paper_sensor"": ""XCO2INT"", ""sensor"": ""XCO2I""}",100
ORV,"{""alpha"": 0.05, ""direction"": ""above"", ""paper_sensor"": ""XGRINT"", ""sensor"": ""PRGINT""}",100
ORV,"{""alpha"": 0.05, ""direction"": ""above"", ""paper_sensor"": ""XHINT"", ""sensor"": ""XHINV""}",100
ORV,"{""alpha"": 0.05, ""direction"": ""above"", ""paper_sensor"": ""XTINT"", ""sensor"": ""XTINV""}",100
ORV,"{""alpha"": 0.05, ""direction"": ""below"", ""paper_sensor"": ""DCO2EXT"", ""sensor"": ""PCO2EXT""}",100
ORV,"{""alpha"": 0.05, ""direction"": ""below"", ""paper_sensor"": ""DGREXT"", ""sensor"": ""PRAD""}",100
ORV,"{""alpha"": 0.05, ""direction"": ""below"", ""paper_sensor"": ""DHEXT"", ""sensor"": ""PHEXT""}",100
ORV,"{""alpha"": 0.05, ""direction"": ""below"", ""paper_sensor"": ""DTEXT"", ""sensor"": ""PTEXT""}",100
ORV,"{""alpha"": 0.05, ""direction"": ""below"", ""paper_sensor"": ""DVEXT"", ""sensor"": ""PVV""}",100
ORV,"{""alpha"": 0.05, ""direction"": ""below"", ""paper_sensor"": ""XCO2INT"", ""sensor"": ""XCO2I""}",100
ORV,"{""alpha"": 0.05, ""direction"": ""below"", ""paper_sensor"": ""XGRINT"", ""sensor"": ""PRGINT""}",100
ORV,"{""alpha"": 0.05, ""direction"": ""below"", ""paper_sensor"": ""XHINT"", ""sensor"": ""XHINV""}",100
ORV,"{""alpha"": 0.05, ""direction"": ""below"", ""paper_sensor"": ""XTINT"", ""sensor"": ""XTINV""}",100
ORV,"{""alpha"": 0.1, ""direction"": ""above"", ""paper_sensor"": ""DCO2EXT"", ""sensor"": ""PCO2EXT""}",100
ORV,"{""alpha"": 0.1, ""direction"": ""above"", ""paper_sensor"": ""DGREXT"", ""sensor"": ""PRAD""}",100
ORV,"{""alpha"": 0.1, ""direction"": ""above"", ""paper_sensor"": ""DHEXT"", ""sensor"": ""PHEXT""}",100
ORV,"{""alpha"": 0.1, ""direction"": ""above"", ""paper_sensor"": ""DTEXT"", ""sensor"": ""PTEXT""}",100
ORV,"{""alpha"": 0.1, ""direction"": ""above"", ""paper_sensor"": ""DVEXT"", ""sensor"": ""PVV""}",100
ORV,"{""alpha"": 0.1, ""direction"": ""above"", ""paper_sensor"": ""XCO2INT"", ""sensor"": ""XCO2I""}",100
ORV,"{""alpha"": 0.1, ""direction"": ""above"", ""paper_sensor"": ""XGRINT"", ""sensor"": ""PRGINT""}",100
ORV,"{""alpha"": 0.1, ""direction"": ""above"", ""paper_sensor"": ""XHINT"", ""sensor"": ""XHINV""}",100
ORV,"{""alpha"": 0.1, ""direction"": ""above"", ""paper_sensor"": ""XTINT"", ""sensor"": ""XTINV""}",100
ORV,"{""alpha"": 0.1, ""direction"": ""below"", ""paper_sensor"": ""DCO2EXT"", ""sensor"": ""PCO2EXT""}",100
ORV,"{""alpha"": 0.1, ""direction"": ""below"", ""paper_sensor"": ""DGREXT"", ""sensor"": ""PRAD""}",100
ORV,"{""alpha"": 0.1, ""direction"": ""below"", ""paper_sensor"": ""DHEXT"", ""sensor"": ""PHEXT""}",100
ORV,"{""alpha"": 0.1, ""direction"": ""below"", ""paper_sensor"": ""DTEXT"", ""sensor"": ""PTEXT""}",100
ORV,"{""alpha"": 0.1, ""direction"": ""below"", ""paper_sensor"": ""DVEXT"", ""sensor"": ""PVV""}",100
ORV,"{""alpha"": 0.1, ""direction"": ""below"", ""paper_sensor"": ""XCO2INT"", ""sensor"": ""XCO2I""}",100
ORV,"{""alpha"": 0.1, ""direction"": ""below"", ""paper_sensor"": ""XGRINT"", ""sensor"": ""PRGINT""}",100
ORV,"{""alpha"": 0.1, ""direction"": ""below"", ""paper_sensor"": ""XHINT"", ""sensor"": ""XHINV""}",100
ORV,"{""alpha"": 0.1, ""direction"": ""below"", ""paper_sensor"": ""XTINT"", ""sensor"": ""XTINV""}",100
PSF,"{""cardinality"": 4, ""missing_subset"": [""PCO2EXT"", ""PHEXT"", ""PRAD"", ""PRGINT""]}",10
PSF,"{""cardinality"": 4, ""missing_subset"": [""PCO2EXT"", ""PHEXT"", ""PRAD"", ""PTEXT""]}",10
PSF,"{""cardinality"": 4, ""missing_subset"": [""PCO2EXT"", ""PHEXT"", ""PRAD"", ""PVV""]}",10
PSF,"{""cardinality"": 4, ""missing_subset"": [""PCO2EXT"", ""PHEXT"", ""PRAD"", ""XCO2I""]}",10
PSF,"{""cardinality"": 4, ""missing_subset"": [""PCO2EXT"", ""PHEXT"", ""PRAD"", ""XHINV""]}",10
PSF,"{""cardinality"": 4, ""missing_subset"": [""PCO2EXT"", ""PHEXT"", ""PRAD"", ""XTINV""]}",10
PSF,"{""cardinality"": 4, ""missing_subset"": [""PCO2EXT"", ""PHEXT"", ""PRGINT"", ""XHINV""]}",10
PSF,"{""cardinality"": 4, ""missing_subset"": [""PCO2EXT"", ""PHEXT"", ""PRGINT"", ""XTINV""]}",10
PSF,"{""cardinality"": 4, ""missing_subset"": [""PCO2EXT"", ""PHEXT"", ""PTEXT"", ""PRGINT""]}",10
PSF,"{""cardinality"": 4, ""missing_subset"": [""PCO2EXT"", ""PHEXT"", ""PTEXT"", ""PVV""]}",10
PSF,"{""cardinality"": 4, ""missing_subset"": [""PCO2EXT"", ""PHEXT"", ""PTEXT"", ""XCO2I""]}",10
PSF,"{""cardinality"": 4, ""missing_subset"": [""PCO2EXT"", ""PHEXT"", ""PTEXT"", ""XHINV""]}",10
PSF,"{""cardinality"": 4, ""missing_subset"": [""PCO2EXT"", ""PHEXT"", ""PTEXT"", ""XTINV""]}",10
PSF,"{""cardinality"": 4, ""missing_subset"": [""PCO2EXT"", ""PHEXT"", ""PVV"", ""PRGINT""]}",10
PSF,"{""cardinality"": 4, ""missing_subset"": [""PCO2EXT"", ""PHEXT"", ""PVV"", ""XCO2I""]}",10
PSF,"{""cardinality"": 4, ""missing_subset"": [""PCO2EXT"", ""PHEXT"", ""PVV"", ""XHINV""]}",10
PSF,"{""cardinality"": 4, ""missing_subset"": [""PCO2EXT"", ""PHEXT"", ""PVV"", ""XTINV""]}",10
PSF,"{""cardinality"": 4, ""missing_subset"": [""PCO2EXT"", ""PHEXT"", ""XCO2I"", ""PRGINT""]}",10
PSF,"{""cardinality"": 4, ""missing_subset"": [""PCO2EXT"", ""PHEXT"", ""XCO2I"", ""XHINV""]}",10
PSF,"{""cardinality"": 4, ""missing_subset"": [""PCO2EXT"", ""PHEXT"", ""XCO2I"", ""XTINV""]}",10
PSF,"{""cardinality"": 4, ""missing_subset"": [""PCO2EXT"", ""PHEXT"", ""XHINV"", ""XTINV""]}",10
PSF,"{""cardinality"": 4, ""missing_subset"": [""PCO2EXT"", ""PRAD"", ""PRGINT"", ""XHINV""]}",10
PSF,"{""cardinality"": 4, ""missing_subset"": [""PCO2EXT"", ""PRAD"", ""PRGINT"", ""XTINV""]}",10
PSF,"{""cardinality"": 4, ""missing_subset"": [""PCO2EXT"", ""PRAD"", ""PTEXT"", ""PRGINT""]}",10
PSF,"{""cardinality"": 4, ""missing_subset"": [""PCO2EXT"", ""PRAD"", ""PTEXT"", ""PVV""]}",10
PSF,"{""cardinality"": 4, ""missing_subset"": [""PCO2EXT"", ""PRAD"", ""PTEXT"", ""XCO2I""]}",10
PSF,"{""cardinality"": 4, ""missing_subset"": [""PCO2EXT"", ""PRAD"", ""PTEXT"", ""XHINV""]}",10
PSF,"{""cardinality"": 4, ""missing_subset"": [""PCO2EXT"", ""PRAD"", ""PTEXT"", ""XTINV""]}",10
PSF,"{""cardinality"": 4, ""missing_subset"": [""PCO2EXT"", ""PRAD"", ""PVV"", ""PRGINT""]}",10
PSF,"{""cardinality"": 4, ""missing_subset"": [""PCO2EXT"", ""PRAD"", ""PVV"", ""XCO2I""]}",10
PSF,"{""cardinality"": 4, ""missing_subset"": [""PCO2EXT"", ""PRAD"", ""PVV"", ""XHINV""]}",10
PSF,"{""cardinality"": 4, ""missing_subset"": [""PCO2EXT"", ""PRAD"", ""PVV"", ""XTINV""]}",10
PSF,"{""cardinality"": 4, ""missing_subset"": [""PCO2EXT"", ""PRAD"", ""XCO2I"", ""PRGINT""]}",10
PSF,"{""cardinality"": 4, ""missing_subset"": [""PCO2EXT"", ""PRAD"", ""XCO2I"", ""XHINV""]}",10
PSF,"{""cardinality"": 4, ""missing_subset"": [""PCO2EXT"", ""PRAD"", ""XCO2I"", ""XTINV""]}",10
PSF,"{""cardinality"": 4, ""missing_subset"": [""PCO2EXT"", ""PRAD"", ""XHINV"", ""XTINV""]}",10
PSF,"{""cardinality"": 4, ""missing_subset"": [""PCO2EXT"", ""PRGINT"", ""XHINV"", ""XTINV""]}",10
PSF,"{""cardinality"": 4, ""missing_subset"": [""PCO2EXT"", ""PTEXT"", ""PRGINT"", ""XHINV""]}",10
PSF,"{""cardinality"": 4, ""missing_subset"": [""PCO2EXT"", ""PTEXT"", ""PRGINT"", ""XTINV""]}",10
PSF,"{""cardinality"": 4, ""missing_subset"": [""PCO2EXT"", ""PTEXT"", ""PVV"", ""PRGINT""]}",10
PSF,"{""cardinality"": 4, ""missing_subset"": [""PCO2EXT"", ""PTEXT"", ""PVV"", ""XCO2I""]}",10
PSF,"{""cardinality"": 4, ""missing_subset"": [""PCO2EXT"", ""PTEXT"", ""PVV"", ""XHINV""]}",10
PSF,"{""cardinality"": 4, ""missing_subset"": [""PCO2EXT"", ""PTEXT"", ""PVV"", ""XTINV""]}",10
PSF,"{""cardinality"": 4, ""missing_subset"": [""PCO2EXT"", ""PTEXT"", ""XCO2I"", ""PRGINT""]}",10
PSF,"{""cardinality"": 4, ""missing_subset"": [""PCO2EXT"", ""PTEXT"", ""XCO2I"", ""XHINV""]}",10
PSF,"{""cardinality"": 4, ""missing_subset"": [""PCO2EXT"", ""PTEXT"", ""XCO2I"", ""XTINV""]}",10
PSF,"{""cardinality"": 4, ""missing_subset"": [""PCO2EXT"", ""PTEXT"", ""XHINV"", ""XTINV""]}",10
PSF,"{""cardinality"": 4, ""missing_subset"": [""PCO2EXT"", ""PVV"", ""PRGINT"", ""XHINV""]}",10
PSF,"{""cardinality"": 4, ""missing_subset"": [""PCO2EXT"", ""PVV"", ""PRGINT"", ""XTINV""]}",10
PSF,"{""cardinality"": 4, ""missing_subset"": [""PCO2EXT"", ""PVV"", ""XCO2I"", ""PRGINT""]}",10
PSF,"{""cardinality"": 4, ""missing_subset"": [""PCO2EXT"", ""PVV"", ""XCO2I"", ""XHINV""]}",10
PSF,"{""cardinality"": 4, ""missing_subset"": [""PCO2EXT"", ""PVV"", ""XCO2I"", ""XTINV""]}",10
PSF,"{""cardinality"": 4, ""missing_subset"": [""PCO2EXT"", ""PVV"", ""XHINV"", ""XTINV""]}",10
PSF,"{""cardinality"": 4, ""missing_subset"": [""PCO2EXT"", ""XCO2I"", ""PRGINT"", ""XHINV""]}",10
PSF,"{""cardinality"": 4, ""missing_subset"": [""PCO2EXT"", ""XCO2I"", ""PRGINT"", ""XTINV""]}",10
PSF,"{""cardinality"": 4, ""missing_subset"": [""PCO2EXT"", ""XCO2I"", ""XHINV"", ""XTINV""]}",10
PSF,"{""cardinality"": 4, ""missing_subset"": [""PHEXT"", ""PRAD"", ""PRGINT"", ""XHINV""]}",10
PSF,"{""cardinality"": 4, ""missing_subset"": [""PHEXT"", ""PRAD"", ""PRGINT"", ""XTINV""]}",10
PSF,"{""cardinality"": 4, ""missing_subset"": [""PHEXT"", ""PRAD"", ""PTEXT"", ""PRGINT""]}",10
PSF,"{""cardinality"": 4, ""missing_subset"": [""PHEXT"", ""PRAD"", ""PTEXT"", ""PVV""]}",10
PSF,"{""cardinality"": 4, ""missing_subset"": [""PHEXT"", ""PRAD"", ""PTEXT"", ""XCO2I""]}",10
PSF,"{""cardinality"": 4, ""missing_subset"": [""PHEXT"", ""PRAD"", ""PTEXT"", ""XHINV""]}",10
PSF,"{""cardinality"": 4, ""missing_subset"": [""PHEXT"", ""PRAD"", ""PTEXT"", ""XTINV""]}",10
PSF,"{""cardinality"": 4, ""missing_subset"": [""PHEXT"", ""PRAD"", ""PVV"", ""PRGINT""]}",10
PSF,"{""cardinality"": 4, ""missing_subset"": [""PHEXT"", ""PRAD"", ""PVV"", ""XCO2I""]}",10
PSF,"{""cardinality"": 4, ""missing_subset"": [""PHEXT"", ""PRAD"", ""PVV"", ""XHINV""]}",10
PSF,"{""cardinality"": 4, ""missing_subset"": [""PHEXT"", ""PRAD"", ""PVV"", ""XTINV""]}",10
PSF,"{""cardinality"": 4, ""missing_subset"": [""PHEXT"", ""PRAD"", ""XCO2I"", ""PRGINT""]}",10
PSF,"{""cardinality"": 4, ""missing_subset"": [""PHEXT"", ""PRAD"", ""XCO2I"", ""XHINV""]}",10
PSF,"{""cardinality"": 4, ""missing_subset"": [""PHEXT"", ""PRAD"", ""XCO2I"", ""XTINV""]}",10
PSF,"{""cardinality"": 4, ""missing_subset"": [""PHEXT"", ""PRAD"", ""XHINV"", ""XTINV""]}",10
PSF,"{""cardinality"": 4, ""missing_subset"": [""PHEXT"", ""PRGINT"", ""XHINV"", ""XTINV""]}",10
PSF,"{""cardinality"": 4, ""missing_subset"": [""PHEXT"", ""PTEXT"", ""PRGINT"", ""XHINV""]}",10
PSF,"{""cardinality"": 4, ""missing_subset"": [""PHEXT"", ""PTEXT"", ""PRGINT"", ""XTINV""]}",10
PSF,"{""cardinality"": 4, ""missing_subset"": [""PHEXT"", ""PTEXT"", ""PVV"", ""PRGINT""]}",10
PSF,"{""cardinality"": 4, ""missing_subset"": [""PHEXT"", ""PTEXT"", ""PVV"", ""XCO2I""]}",10
PSF,"{""cardinality"": 4, ""missing_subset"": [""PHEXT"", ""PTEXT"", ""PVV"", ""XHINV""]}",10
PSF,"{""cardinality"": 4, ""missing_subset"": [""PHEXT"", ""PTEXT"", ""PVV"", ""XTINV""]}",10
PSF,"{""cardinality"": 4, ""missing_subset"": [""PHEXT"", ""PTEXT"", ""XCO2I"", ""PRGINT""]}",10
PSF,"{""cardinality"": 4, ""missing_subset"": [""PHEXT"", ""PTEXT"", ""XCO2I"", ""XHINV""]}",10
PSF,"{""cardinality"": 4, ""missing_subset"": [""PHEXT"", ""PTEXT"", ""XCO2I"", ""XTINV""]}",10
PSF,"{""cardinality"": 4, ""missing_subset"": [""PHEXT"", ""PTEXT"", ""XHINV"", ""XTINV""]}",10
PSF,"{""cardinality"": 4, ""missing_subset"": [""PHEXT"", ""PVV"", ""PRGINT"", ""XHINV""]}",10
PSF,"{""cardinality"": 4, ""missing_subset"": [""PHEXT"", ""PVV"", ""PRGINT"", ""XTINV""]}",10
PSF,"{""cardinality"": 4, ""missing_subset"": [""PHEXT"", ""PVV"", ""XCO2I"", ""PRGINT""]}",10
PSF,"{""cardinality"": 4, ""missing_subset"": [""PHEXT"", ""PVV"", ""XCO2I"", ""XHINV""]}",10
PSF,"{""cardinality"": 4, ""missing_subset"": [""PHEXT"", ""PVV"", ""XCO2I"", ""XTINV""]}",10
PSF,"{""cardinality"": 4, ""missing_subset"": [""PHEXT"", ""PVV"", ""XHINV"", ""XTINV""]}",10
PSF,"{""cardinality"": 4, ""missing_subset"": [""PHEXT"", ""XCO2I"", ""PRGINT"", ""XHINV""]}",10
PSF,"{""cardinality"": 4, ""missing_subset"": [""PHEXT"", ""XCO2I"", ""PRGINT"", ""XTINV""]}",10
PSF,"{""cardinality"": 4, ""missing_subset"": [""PHEXT"", ""XCO2I"", ""XHINV"", ""XTINV""]}",10
PSF,"{""cardinality"": 4, ""missing_subset"": [""PRAD"", ""PRGINT"", ""XHINV"", ""XTINV""]}",10
PSF,"{""cardinality"": 4, ""missing_subset"": [""PRAD"", ""PTEXT"", ""PRGINT"", ""XHINV""]}",10
PSF,"{""cardinality"": 4, ""missing_subset"": [""PRAD"", ""PTEXT"", ""PRGINT"", ""XTINV""]}",10
PSF,"{""cardinality"": 4, ""missing_subset"": [""PRAD"", ""PTEXT"", ""PVV"", ""PRGINT""]}",10
PSF,"{""cardinality"": 4, ""missing_subset"": [""PRAD"", ""PTEXT"", ""PVV"", ""XCO2I""]}",10
PSF,"{""cardinality"": 4, ""missing_subset"": [""PRAD"", ""PTEXT"", ""PVV"", ""XHINV""]}",10
PSF,"{""cardinality"": 4, ""missing_subset"": [""PRAD"", ""PTEXT"", ""PVV"", ""XTINV""]}",10
PSF,"{""cardinality"": 4, ""missing_subset"": [""PRAD"", ""PTEXT"", ""XCO2I"", ""PRGINT""]}",10
PSF,"{""cardinality"": 4, ""missing_subset"": [""PRAD"", ""PTEXT"", ""XCO2I"", ""XHINV""]}",10
PSF,"{""cardinality"": 4, ""missing_subset"": [""PRAD"", ""PTEXT"", ""XCO2I"", ""XTINV""]}",10
PSF,"{""cardinality"": 4, ""missing_subset"": [""PRAD"", ""PTEXT"", ""XHINV"", ""XTINV""]}",10
PSF,"{""cardinality"": 4, ""missing_subset"": [""PRAD"", ""PVV"", ""PRGINT"", ""XHINV""]}",10
PSF,"{""cardinality"": 4, ""missing_subset"": [""PRAD"", ""PVV"", ""PRGINT"", ""XTINV""]}",10
PSF,"{""cardinality"": 4, ""missing_subset"": [""PRAD"", ""PVV"", ""XCO2I"", ""PRGINT""]}",10
PSF,"{""cardinality"": 4, ""missing_subset"": [""PRAD"", ""PVV"", ""XCO2I"", ""XHINV""]}",10
PSF,"{""cardinality"": 4, ""missing_subset"": [""PRAD"", ""PVV"", ""XCO2I"", ""XTINV""]}",10
PSF,"{""cardinality"": 4, ""missing_subset"": [""PRAD"", ""PVV"", ""XHINV"", ""XTINV""]}",10
PSF,"{""cardinality"": 4, ""missing_subset"": [""PRAD"", ""XCO2I"", ""PRGINT"", ""XHINV""]}",10
PSF,"{""cardinality"": 4, ""missing_subset"": [""PRAD"", ""XCO2I"", ""PRGINT"", ""XTINV""]}",10
PSF,"{""cardinality"": 4, ""missing_subset"": [""PRAD"", ""XCO2I"", ""XHINV"", ""XTINV""]}",10
PSF,"{""cardinality"": 4, ""missing_subset"": [""PTEXT"", ""PRGINT"", ""XHINV"", ""XTINV""]}",10
PSF,"{""cardinality"": 4, ""missing_subset"": [""PTEXT"", ""PVV"", ""PRGINT"", ""XHINV""]}",10
PSF,"{""cardinality"": 4, ""missing_subset"": [""PTEXT"", ""PVV"", ""PRGINT"", ""XTINV""]}",10
PSF,"{""cardinality"": 4, ""missing_subset"": [""PTEXT"", ""PVV"", ""XCO2I"", ""PRGINT""]}",10
PSF,"{""cardinality"": 4, ""missing_subset"": [""PTEXT"", ""PVV"", ""XCO2I"", ""XHINV""]}",10
PSF,"{""cardinality"": 4, ""missing_subset"": [""PTEXT"", ""PVV"", ""XCO2I"", ""XTINV""]}",10
PSF,"{""cardinality"": 4, ""missing_subset"": [""PTEXT"", ""PVV"", ""XHINV"", ""XTINV""]}",10
PSF,"{""cardinality"": 4, ""missing_subset"": [""PTEXT"", ""XCO2I"", ""PRGINT"", ""XHINV""]}",10
PSF,"{""cardinality"": 4, ""missing_subset"": [""PTEXT"", ""XCO2I"", ""PRGINT"", ""XTINV""]}",10
PSF,"{""cardinality"": 4, ""missing_subset"": [""PTEXT"", ""XCO2I"", ""XHINV"", ""XTINV""]}",10
PSF,"{""cardinality"": 4, ""missing_subset"": [""PVV"", ""PRGINT"", ""XHINV"", ""XTINV""]}",10
PSF,"{""cardinality"": 4, ""missing_subset"": [""PVV"", ""XCO2I"", ""PRGINT"", ""XHINV""]}",10
PSF,"{""cardinality"": 4, ""missing_subset"": [""PVV"", ""XCO2I"", ""PRGINT"", ""XTINV""]}",10
PSF,"{""cardinality"": 4, ""missing_subset"": [""PVV"", ""XCO2I"", ""XHINV"", ""XTINV""]}",10
PSF,"{""cardinality"": 4, ""missing_subset"": [""XCO2I"", ""PRGINT"", ""XHINV"", ""XTINV""]}",10
PSF,"{""cardinality"": 5, ""missing_subset"": [""PCO2EXT"", ""PHEXT"", ""PRAD"", ""PRGINT"", ""XHINV""]}",10
PSF,"{""cardinality"": 5, ""missing_subset"": [""PCO2EXT"", ""PHEXT"", ""PRAD"", ""PRGINT"", ""XTINV""]}",10
PSF,"{""cardinality"": 5, ""missing_subset"": [""PCO2EXT"", ""PHEXT"", ""PRAD"", ""PTEXT"", ""PRGINT""]}",10
PSF,"{""cardinality"": 5, ""missing_subset"": [""PCO2EXT"", ""PHEXT"", ""PRAD"", ""PTEXT"", ""PVV""]}",10
PSF,"{""cardinality"": 5, ""missing_subset"": [""PCO2EXT"", ""PHEXT"", ""PRAD"", ""PTEXT"", ""XCO2I""]}",10
PSF,"{""cardinality"": 5, ""missing_subset"": [""PCO2EXT"", ""PHEXT"", ""PRAD"", ""PTEXT"", ""XHINV""]}",10
PSF,"{""cardinality"": 5, ""missing_subset"": [""PCO2EXT"", ""PHEXT"", ""PRAD"", ""PTEXT"", ""XTINV""]}",10
PSF,"{""cardinality"": 5, ""missing_subset"": [""PCO2EXT"", ""PHEXT"", ""PRAD"", ""PVV"", ""PRGINT""]}",10
PSF,"{""cardinality"": 5, ""missing_subset"": [""PCO2EXT"", ""PHEXT"", ""PRAD"", ""PVV"", ""XCO2I""]}",10
PSF,"{""cardinality"": 5, ""missing_subset"": [""PCO2EXT"", ""PHEXT"", ""PRAD"", ""PVV"", ""XHINV""]}",10
PSF,"{""cardinality"": 5, ""missing_subset"": [""PCO2EXT"", ""PHEXT"", ""PRAD"", ""PVV"", ""XTINV""]}",10
PSF,"{""cardinality"": 5, ""missing_subset"": [""PCO2EXT"", ""PHEXT"", ""PRAD"", ""XCO2I"", ""PRGINT""]}",10
PSF,"{""cardinality"": 5, ""missing_subset"": [""PCO2EXT"", ""PHEXT"", ""PRAD"", ""XCO2I"", ""XHINV""]}",10
PSF,"{""cardinality"": 5, ""missing_subset"": [""PCO2EXT"", ""PHEXT"", ""PRAD"", ""XCO2I"", ""XTINV""]}",10
PSF,"{""cardinality"": 5, ""missing_subset"": [""PCO2EXT"", ""PHEXT"", ""PRAD"", ""XHINV"", ""XTINV""]}",10
PSF,"{""cardinality"": 5, ""missing_subset"": [""PCO2EXT"", ""PHEXT"", ""PRGINT"", ""XHINV"", ""XTINV""]}",10
PSF,"{""cardinality"": 5, ""missing_subset"": [""PCO2EXT"", ""PHEXT"", ""PTEXT"", ""PRGINT"", ""XHINV""]}",10
PSF,"{""cardinality"": 5, ""missing_subset"": [""PCO2EXT"", ""PHEXT"", ""PTEXT"", ""PRGINT"", ""XTINV""]}",10
PSF,"{""cardinality"": 5, ""missing_subset"": [""PCO2EXT"", ""PHEXT"", ""PTEXT"", ""PVV"", ""PRGINT""]}",10
PSF,"{""cardinality"": 5, ""missing_subset"": [""PCO2EXT"", ""PHEXT"", ""PTEXT"", ""PVV"", ""XCO2I""]}",10
PSF,"{""cardinality"": 5, ""missing_subset"": [""PCO2EXT"", ""PHEXT"", ""PTEXT"", ""PVV"", ""XHINV""]}",10
PSF,"{""cardinality"": 5, ""missing_subset"": [""PCO2EXT"", ""PHEXT"", ""PTEXT"", ""PVV"", ""XTINV""]}",10
PSF,"{""cardinality"": 5, ""missing_subset"": [""PCO2EXT"", ""PHEXT"", ""PTEXT"", ""XCO2I"", ""PRGINT""]}",10
PSF,"{""cardinality"": 5, ""missing_subset"": [""PCO2EXT"", ""PHEXT"", ""PTEXT"", ""XCO2I"", ""XHINV""]}",10
PSF,"{""cardinality"": 5, ""missing_subset"": [""PCO2EXT"", ""PHEXT"", ""PTEXT"", ""XCO2I"", ""XTINV""]}",10
PSF,"{""cardinality"": 5, ""missing_subset"": [""PCO2EXT"", ""PHEXT"", ""PTEXT"", ""XHINV"", ""XTINV""]}",10
PSF,"{""cardinality"": 5, ""missing_subset"": [""PCO2EXT"", ""PHEXT"", ""PVV"", ""PRGINT"", ""XHINV""]}",10
PSF,"{""cardinality"": 5, ""missing_subset"": [""PCO2EXT"", ""PHEXT"", ""PVV"", ""PRGINT"", ""XTINV""]}",10
PSF,"{""cardinality"": 5, ""missing_subset"": [""PCO2EXT"", ""PHEXT"", ""PVV"", ""XCO2I"", ""PRGINT""]}",10
PSF,"{""cardinality"": 5, ""missing_subset"": [""PCO2EXT"", ""PHEXT"", ""PVV"", ""XCO2I"", ""XHINV""]}",10
PSF,"{""cardinality"": 5, ""missing_subset"": [""PCO2EXT"", ""PHEXT"", ""PVV"", ""XCO2I"", ""XTINV""]}",10
PSF,"{""cardinality"": 5, ""missing_subset"": [""PCO2EXT"", ""PHEXT"", ""PVV"", ""XHINV"", ""XTINV""]}",10
PSF,"{""cardinality"": 5, ""missing_subset"": [""PCO2EXT"", ""PHEXT"", ""XCO2I"", ""PRGINT"", ""XHINV""]}",10
PSF,"{""cardinality"": 5, ""missing_subset"": [""PCO2EXT"", ""PHEXT"", ""XCO2I"", ""PRGINT"", ""XTINV""]}",10
PSF,"{""cardinality"": 5, ""missing_subset"": [""PCO2EXT"", ""PHEXT"", ""XCO2I"", ""XHINV"", ""XTINV""]}",10
PSF,"{""cardinality"": 5, ""missing_subset"": [""PCO2EXT"", ""PRAD"", ""PRGINT"", ""XHINV"", ""XTINV""]}",10
PSF,"{""cardinality"": 5, ""missing_subset"": [""PCO2EXT"", ""PRAD"", ""PTEXT"", ""PRGINT"", ""XHINV""]}",10
PSF,"{""cardinality"": 5, ""missing_subset"": [""PCO2EXT"", ""PRAD"", ""PTEXT"", ""PRGINT"", ""XTINV""]}",10
PSF,"{""cardinality"": 5, ""missing_subset"": [""PCO2EXT"", ""PRAD"", ""PTEXT"", ""PVV"", ""PRGINT""]}",10
PSF,"{""cardinality"": 5, ""missing_subset"": [""PCO2EXT"", ""PRAD"", ""PTEXT"", ""PVV"", ""XCO2I""]}",10
PSF,"{""cardinality"": 5, ""missing_subset"": [""PCO2EXT"", ""PRAD"", ""PTEXT"", ""PVV"", ""XHINV""]}",10
PSF,"{""cardinality"": 5, ""missing_subset"": [""PCO2EXT"", ""PRAD"", ""PTEXT"", ""PVV"", ""XTINV""]}",10
PSF,"{""cardinality"": 5, ""missing_subset"": [""PCO2EXT"", ""PRAD"", ""PTEXT"", ""XCO2I"", ""PRGINT""]}",10
PSF,"{""cardinality"": 5, ""missing_subset"": [""PCO2EXT"", ""PRAD"", ""PTEXT"", ""XCO2I"", ""XHINV""]}",10
PSF,"{""cardinality"": 5, ""missing_subset"": [""PCO2EXT"", ""PRAD"", ""PTEXT"", ""XCO2I"", ""XTINV""]}",10
PSF,"{""cardinality"": 5, ""missing_subset"": [""PCO2EXT"", ""PRAD"", ""PTEXT"", ""XHINV"", ""XTINV""]}",10
PSF,"{""cardinality"": 5, ""missing_subset"": [""PCO2EXT"", ""PRAD"", ""PVV"", ""PRGINT"", ""XHINV""]}",10
PSF,"{""cardinality"": 5, ""missing_subset"": [""PCO2EXT"", ""PRAD"", ""PVV"", ""PRGINT"", ""XTINV""]}",10
PSF,"{""cardinality"": 5, ""missing_subset"": [""PCO2EXT"", ""PRAD"", ""PVV"", ""XCO2I"", ""PRGINT""]}",10
PSF,"{""cardinality"": 5, ""missing_subset"": [""PCO2EXT"", ""PRAD"", ""PVV"", ""XCO2I"", ""XHINV""]}",10
PSF,"{""cardinality"": 5, ""missing_subset"": [""PCO2EXT"", ""PRAD"", ""PVV"", ""XCO2I"", ""XTINV""]}",10
PSF,"{""cardinality"": 5, ""missing_subset"": [""PCO2EXT"", ""PRAD"", ""PVV"", ""XHINV"", ""XTINV""]}",10
PSF,"{""cardinality"": 5, ""missing_subset"": [""PCO2EXT"", ""PRAD"", ""XCO2I"", ""PRGINT"", ""XHINV""]}",10
PSF,"{""cardinality"": 5, ""missing_subset"": [""PCO2EXT"", ""PRAD"", ""XCO2I"", ""PRGINT"", ""XTINV""]}",10
PSF,"{""cardinality"": 5, ""missing_subset"": [""PCO2EXT"", ""PRAD"", ""XCO2I"", ""XHINV"", ""XTINV""]}",10
PSF,"{""cardinality"": 5, ""missing_subset"": [""PCO2EXT"", ""PTEXT"", ""PRGINT"", ""XHINV"", ""XTINV""]}",10
PSF,"{""cardinality"": 5, ""missing_subset"": [""PCO2EXT"", ""PTEXT"", ""PVV"", ""PRGINT"", ""XHINV""]}",10
PSF,"{""cardinality"": 5, ""missing_subset"": [""PCO2EXT"", ""PTEXT"", ""PVV"", ""PRGINT"", ""XTINV""]}",10
PSF,"{""cardinality"": 5, ""missing_subset"": [""PCO2EXT"", ""PTEXT"", ""PVV"", ""XCO2I"", ""PRGINT""]}",10
PSF,"{""cardinality"": 5, ""missing_subset"": [""PCO2EXT"", ""PTEXT"", ""PVV"", ""XCO2I"", ""XHINV""]}",10
PSF,"{""cardinality"": 5, ""missing_subset"": [""PCO2EXT"", ""PTEXT"", ""PVV"", ""XCO2I"", ""XTINV""]}",10
PSF,"{""cardinality"": 5, ""missing_subset"": [""PCO2EXT"", ""PTEXT"", ""PVV"", ""XHINV"", ""XTINV""]}",10
PSF,"{""cardinality"": 5, ""missing_subset"": [""PCO2EXT"", ""PTEXT"", ""XCO2I"", ""PRGINT"", ""XHINV""]}",10
PSF,"{""cardinality"": 5, ""missing_subset"": [""PCO2EXT"", ""PTEXT"", ""XCO2I"", ""PRGINT"", ""XTINV""]}",10
PSF,"{""cardinality"": 5, ""missing_subset"": [""PCO2EXT"", ""PTEXT"", ""XCO2I"", ""XHINV"", ""XTINV""]}",10
PSF,"{""cardinality"": 5, ""missing_subset"": [""PCO2EXT"", ""PVV"", ""PRGINT"", ""XHINV"", ""XTINV""]}",10
PSF,"{""cardinality"": 5, ""missing_subset"": [""PCO2EXT"", ""PVV"", ""XCO2I"", ""PRGINT"", ""XHINV""]}",10
PSF,"{""cardinality"": 5, ""missing_subset"": [""PCO2EXT"", ""PVV"", ""XCO2I"", ""PRGINT"", ""XTINV""]}",10
PSF,"{""cardinality"": 5, ""missing_subset"": [""PCO2EXT"", ""PVV"", ""XCO2I"", ""XHINV"", ""XTINV""]}",10
PSF,"{""cardinality"": 5, ""missing_subset"": [""PCO2EXT"", ""XCO2I"", ""PRGINT"", ""XHINV"", ""XTINV""]}",10
PSF,"{""cardinality"": 5, ""missing_subset"": [""PHEXT"", ""PRAD"", ""PRGINT"", ""XHINV"", ""XTINV""]}",10
PSF,"{""cardinality"": 5, ""missing_subset"": [""PHEXT"", ""PRAD"", ""PTEXT"", ""PRGINT"", ""XHINV""]}",10
PSF,"{""cardinality"": 5, ""missing_subset"": [""PHEXT"", ""PRAD"", ""PTEXT"", ""PRGINT"", ""XTINV""]}",10
PSF,"{""cardinality"": 5, ""missing_subset"": [""PHEXT"", ""PRAD"", ""PTEXT"", ""PVV"", ""PRGINT""]}",10
PSF,"{""cardinality"": 5, ""missing_subset"": [""PHEXT"", ""PRAD"", ""PTEXT"", ""PVV"", ""XCO2I""]}",10
PSF,"{""cardinality"": 5, ""missing_subset"": [""PHEXT"", ""PRAD"", ""PTEXT"", ""PVV"", ""XHINV""]}",10
PSF,"{""cardinality"": 5, ""missing_subset"": [""PHEXT"", ""PRAD"", ""PTEXT"", ""PVV"", ""XTINV""]}",10
PSF,"{""cardinality"": 5, ""missing_subset"": [""PHEXT"", ""PRAD"", ""PTEXT"", ""XCO2I"", ""PRGINT""]}",10
PSF,"{""cardinality"": 5, ""missing_subset"": [""PHEXT"", ""PRAD"", ""PTEXT"", ""XCO2I"", ""XHINV""]}",10
PSF,"{""cardinality"": 5, ""missing_subset"": [""PHEXT"", ""PRAD"", ""PTEXT"", ""XCO2I"", ""XTINV""]}",10
PSF,"{""cardinality"": 5, ""missing_subset"": [""PHEXT"", ""PRAD"", ""PTEXT"", ""XHINV"", ""XTINV""]}",10
PSF,"{""cardinality"": 5, ""missing_subset"": [""PHEXT"", ""PRAD"", ""PVV"", ""PRGINT"", ""XHINV""]}",10
PSF,"{""cardinality"": 5, ""missing_subset"": [""PHEXT"", ""PRAD"", ""PVV"", ""PRGINT"", ""XTINV""]}",10
PSF,"{""cardinality"": 5, ""missing_subset"": [""PHEXT"", ""PRAD"", ""PVV"", ""XCO2I"", ""PRGINT""]}",10
PSF,"{""cardinality"": 5, ""missing_subset"": [""PHEXT"", ""PRAD"", ""PVV"", ""XCO2I"", ""XHINV""]}",10
PSF,"{""cardinality"": 5, ""missing_subset"": [""PHEXT"", ""PRAD"", ""PVV"", ""XCO2I"", ""XTINV""]}",10
PSF,"{""cardinality"": 5, ""missing_subset"": [""PHEXT"", ""PRAD"", ""PVV"", ""XHINV"", ""XTINV""]}",10
PSF,"{""cardinality"": 5, ""missing_subset"": [""PHEXT"", ""PRAD"", ""XCO2I"", ""PRGINT"", ""XHINV""]}",10
PSF,"{""cardinality"": 5, ""missing_subset"": [""PHEXT"", ""PRAD"", ""XCO2I"", ""PRGINT"", ""XTINV""]}",10
PSF,"{""cardinality"": 5, ""missing_subset"": [""PHEXT"", ""PRAD"", ""XCO2I"", ""XHINV"", ""XTINV""]}",10
PSF,"{""cardinality"": 5, ""missing_subset"": [""PHEXT"", ""PTEXT"", ""PRGINT"", ""XHINV"", ""XTINV""]}",10
PSF,"{""cardinality"": 5, ""missing_subset"": [""PHEXT"", ""PTEXT"", ""PVV"", ""PRGINT"", ""XHINV""]}",10
PSF,"{""cardinality"": 5, ""missing_subset"": [""PHEXT"", ""PTEXT"", ""PVV"", ""PRGINT"", ""XTINV""]}",10
PSF,"{""cardinality"": 5, ""missing_subset"": [""PHEXT"", ""PTEXT"", ""PVV"", ""XCO2I"", ""PRGINT""]}",10
PSF,"{""cardinality"": 5, ""missing_subset"": [""PHEXT"", ""PTEXT"", ""PVV"", ""XCO2I"", ""XHINV""]}",10
PSF,"{""cardinality"": 5, ""missing_subset"": [""PHEXT"", ""PTEXT"", ""PVV"", ""XCO2I"", ""XTINV""]}",10
PSF,"{""cardinality"": 5, ""missing_subset"": [""PHEXT"", ""PTEXT"", ""PVV"", ""XHINV"", ""XTINV""]}",10
PSF,"{""cardinality"": 5, ""missing_subset"": [""PHEXT"", ""PTEXT"", ""XCO2I"", ""PRGINT"", ""XHINV""]}",10
PSF,"{""cardinality"": 5, ""missing_subset"": [""PHEXT"", ""PTEXT"", ""XCO2I"", ""PRGINT"", ""XTINV""]}",10
PSF,"{""cardinality"": 5, ""missing_subset"": [""PHEXT"", ""PTEXT"", ""XCO2I"", ""XHINV"", ""XTINV""]}",10
PSF,"{""cardinality"": 5, ""missing_subset"": [""PHEXT"", ""PVV"", ""PRGINT"", ""XHINV"", ""XTINV""]}",10
PSF,"{""cardinality"": 5, ""missing_subset"": [""PHEXT"", ""PVV"", ""XCO2I"", ""PRGINT"", ""XHINV""]}",10
PSF,"{""cardinality"": 5, ""missing_subset"": [""PHEXT"", ""PVV"", ""XCO2I"", ""PRGINT"", ""XTINV""]}",10
PSF,"{""cardinality"": 5, ""missing_subset"": [""PHEXT"", ""PVV"", ""XCO2I"", ""XHINV"", ""XTINV""]}",10
PSF,"{""cardinality"": 5, ""missing_subset"": [""PHEXT"", ""XCO2I"", ""PRGINT"", ""XHINV"", ""XTINV""]}",10
PSF,"{""cardinality"": 5, ""missing_subset"": [""PRAD"", ""PTEXT"", ""PRGINT"", ""XHINV"", ""XTINV""]}",10
PSF,"{""cardinality"": 5, ""missing_subset"": [""PRAD"", ""PTEXT"", ""PVV"", ""PRGINT"", ""XHINV""]}",10
PSF,"{""cardinality"": 5, ""missing_subset"": [""PRAD"", ""PTEXT"", ""PVV"", ""PRGINT"", ""XTINV""]}",10
PSF,"{""cardinality"": 5, ""missing_subset"": [""PRAD"", ""PTEXT"", ""PVV"", ""XCO2I"", ""PRGINT""]}",10
PSF,"{""cardinality"": 5, ""missing_subset"": [""PRAD"", ""PTEXT"", ""PVV"", ""XCO2I"", ""XHINV""]}",10
PSF,"{""cardinality"": 5, ""missing_subset"": [""PRAD"", ""PTEXT"", ""PVV"", ""XCO2I"", ""XTINV""]}",10
PSF,"{""cardinality"": 5, ""missing_subset"": [""PRAD"", ""PTEXT"", ""PVV"", ""XHINV"", ""XTINV""]}",10
PSF,"{""cardinality"": 5, ""missing_subset"": [""PRAD"", ""PTEXT"", ""XCO2I"", ""PRGINT"", ""XHINV""]}",10
PSF,"{""cardinality"": 5, ""missing_subset"": [""PRAD"", ""PTEXT"", ""XCO2I"", ""PRGINT"", ""XTINV""]}",10
PSF,"{""cardinality"": 5, ""missing_subset"": [""PRAD"", ""PTEXT"", ""XCO2I"", ""XHINV"", ""XTINV""]}",10
PSF,"{""cardinality"": 5, ""missing_subset"": [""PRAD"", ""PVV"", ""PRGINT"", ""XHINV"", ""XTINV""]}",10
PSF,"{""cardinality"": 5, ""missing_subset"": [""PRAD"", ""PVV"", ""XCO2I"", ""PRGINT"", ""XHINV""]}",10
PSF,"{""cardinality"": 5, ""missing_subset"": [""PRAD"", ""PVV"", ""XCO2I"", ""PRGINT"", ""XTINV""]}",10
PSF,"{""cardinality"": 5, ""missing_subset"": [""PRAD"", ""PVV"", ""XCO2I"", ""XHINV"", ""XTINV""]}",10
PSF,"{""cardinality"": 5, ""missing_subset"": [""PRAD"", ""XCO2I"", ""PRGINT"", ""XHINV"", ""XTINV""]}",10
PSF,"{""cardinality"": 5, ""missing_subset"": [""PTEXT"", ""PVV"", ""PRGINT"", ""XHINV"", ""XTINV""]}",10
PSF,"{""cardinality"": 5, ""missing_subset"": [""PTEXT"", ""PVV"", ""XCO2I"", ""PRGINT"", ""XHINV""]}",10
PSF,"{""cardinality"": 5, ""missing_subset"": [""PTEXT"", ""PVV"", ""XCO2I"", ""PRGINT"", ""XTINV""]}",10
PSF,"{""cardinality"": 5, ""missing_subset"": [""PTEXT"", ""PVV"", ""XCO2I"", ""XHINV"", ""XTINV""]}",10
PSF,"{""cardinality"": 5, ""missing_subset"": [""PTEXT"", ""XCO2I"", ""PRGINT"", ""XHINV"", ""XTINV""]}",10
PSF,"{""cardinality"": 5, ""missing_subset"": [""PVV"", ""XCO2I"", ""PRGINT"", ""XHINV"", ""XTINV""]}",10
PSF,"{""cardinality"": 6, ""missing_subset"": [""PCO2EXT"", ""PHEXT"", ""PRAD"", ""PRGINT"", ""XHINV"", ""XTINV""]}",10
PSF,"{""cardinality"": 6, ""missing_subset"": [""PCO2EXT"", ""PHEXT"", ""PRAD"", ""PTEXT"", ""PRGINT"", ""XHINV""]}",10
PSF,"{""cardinality"": 6, ""missing_subset"": [""PCO2EXT"", ""PHEXT"", ""PRAD"", ""PTEXT"", ""PRGINT"", ""XTINV""]}",10
PSF,"{""cardinality"": 6, ""missing_subset"": [""PCO2EXT"", ""PHEXT"", ""PRAD"", ""PTEXT"", ""PVV"", ""PRGINT""]}",10
PSF,"{""cardinality"": 6, ""missing_subset"": [""PCO2EXT"", ""PHEXT"", ""PRAD"", ""PTEXT"", ""PVV"", ""XCO2I""]}",10
PSF,"{""cardinality"": 6, ""missing_subset"": [""PCO2EXT"", ""PHEXT"", ""PRAD"", ""PTEXT"", ""PVV"", ""XHINV""]}",10
PSF,"{""cardinality"": 6, ""missing_subset"": [""PCO2EXT"", ""PHEXT"", ""PRAD"", ""PTEXT"", ""PVV"", ""XTINV""]}",10
PSF,"{""cardinality"": 6, ""missing_subset"": [""PCO2EXT"", ""PHEXT"", ""PRAD"", ""PTEXT"", ""XCO2I"", ""PRGINT""]}",10
PSF,"{""cardinality"": 6, ""missing_subset"": [""PCO2EXT"", ""PHEXT"", ""PRAD"", ""PTEXT"", ""XCO2I"", ""XHINV""]}",10
PSF,"{""cardinality"": 6, ""missing_subset"": [""PCO2EXT"", ""PHEXT"", ""PRAD"", ""PTEXT"", ""XCO2I"", ""XTINV""]}",10
PSF,"{""cardinality"": 6, ""missing_subset"": [""PCO2EXT"", ""PHEXT"", ""PRAD"", ""PTEXT"", ""XHINV"", ""XTINV""]}",10
PSF,"{""cardinality"": 6, ""missing_subset"": [""PCO2EXT"", ""PHEXT"", ""PRAD"", ""PVV"", ""PRGINT"", ""XHINV""]}",10
PSF,"{""cardinality"": 6, ""missing_subset"": [""PCO2EXT"", ""PHEXT"", ""PRAD"", ""PVV"", ""PRGINT"", ""XTINV""]}",10
PSF,"{""cardinality"": 6, ""missing_subset"": [""PCO2EXT"", ""PHEXT"", ""PRAD"", ""PVV"", ""XCO2I"", ""PRGINT""]}",10
PSF,"{""cardinality"": 6, ""missing_subset"": [""PCO2EXT"", ""PHEXT"", ""PRAD"", ""PVV"", ""XCO2I"", ""XHINV""]}",10
PSF,"{""cardinality"": 6, ""missing_subset"": [""PCO2EXT"", ""PHEXT"", ""PRAD"", ""PVV"", ""XCO2I"", ""XTINV""]}",10
PSF,"{""cardinality"": 6, ""missing_subset"": [""PCO2EXT"", ""PHEXT"", ""PRAD"", ""PVV"", ""XHINV"", ""XTINV""]}",10
PSF,"{""cardinality"": 6, ""missing_subset"": [""PCO2EXT"", ""PHEXT"", ""PRAD"", ""XCO2I"", ""PRGINT"", ""XHINV""]}",10
PSF,"{""cardinality"": 6, ""missing_subset"": [""PCO2EXT"", ""PHEXT"", ""PRAD"", ""XCO2I"", ""PRGINT"", ""XTINV""]}",10
PSF,"{""cardinality"": 6, ""missing_subset"": [""PCO2EXT"", ""PHEXT"", ""PRAD"", ""XCO2I"", ""XHINV"", ""XTINV""]}",10
PSF,"{""cardinality"": 6, ""missing_subset"": [""PCO2EXT"", ""PHEXT"", ""PTEXT"", ""PRGINT"", ""XHINV"", ""XTINV""]}",10
PSF,"{""cardinality"": 6, ""missing_subset"": [""PCO2EXT"", ""PHEXT"", ""PTEXT"", ""PVV"", ""PRGINT"", ""XHINV""]}",10
PSF,"{""cardinality"": 6, ""missing_subset"": [""PCO2EXT"", ""PHEXT"", ""PTEXT"", ""PVV"", ""PRGINT"", ""XTINV""]}",10
PSF,"{""cardinality"": 6, ""missing_subset"": [""PCO2EXT"", ""PHEXT"", ""PTEXT"", ""PVV"", ""XCO2I"", ""PRGINT""]}",10
PSF,"{""cardinality"": 6, ""missing_subset"": [""PCO2EXT"", ""PHEXT"", ""PTEXT"", ""PVV"", ""XCO2I"", ""XHINV""]}",10
PSF,"{""cardinality"": 6, ""missing_subset"": [""PCO2EXT"", ""PHEXT"", ""PTEXT"", ""PVV"", ""XCO2I"", ""XTINV""]}",10
PSF,"{""cardinality"": 6, ""missing_subset"": [""PCO2EXT"", ""PHEXT"", ""PTEXT"", ""PVV"", ""XHINV"", ""XTINV""]}",10
PSF,"{""cardinality"": 6, ""missing_subset"": [""PCO2EXT"", ""PHEXT"", ""PTEXT"", ""XCO2I"", ""PRGINT"", ""XHINV""]}",10
PSF,"{""cardinality"": 6, ""missing_subset"": [""PCO2EXT"", ""PHEXT"", ""PTEXT"", ""XCO2I"", ""PRGINT"", ""XTINV""]}",10
PSF,"{""cardinality"": 6, ""missing_subset"": [""PCO2EXT"", ""PHEXT"", ""PTEXT"", ""XCO2I"", ""XHINV"", ""XTINV""]}",10
PSF,"{""cardinality"": 6, ""missing_subset"": [""PCO2EXT"", ""PHEXT"", ""PVV"", ""PRGINT"", ""XHINV"", ""XTINV""]}",10
PSF,"{""cardinality"": 6, ""missing_subset"": [""PCO2EXT"", ""PHEXT"", ""PVV"", ""XCO2I"", ""PRGINT"", ""XHINV""]}",10
PSF,"{""cardinality"": 6, ""missing_subset"": [""PCO2EXT"", ""PHEXT"", ""PVV"", ""XCO2I"", ""PRGINT"", ""XTINV""]}",10
PSF,"{""cardinality"": 6, ""missing_subset"": [""PCO2EXT"", ""PHEXT"", ""PVV"", ""XCO2I"", ""XHINV"", ""XTINV""]}",10
PSF,"{""cardinality"": 6, ""missing_subset"": [""PCO2EXT"", ""PHEXT"", ""XCO2I"", ""PRGINT"", ""XHINV"", ""XTINV""]}",10
PSF,"{""cardinality"": 6, ""missing_subset"": [""PCO2EXT"", ""PRAD"", ""PTEXT"", ""PRGINT"", ""XHINV"", ""XTINV""]}",10
PSF,"{""cardinality"": 6, ""missing_subset"": [""PCO2EXT"", ""PRAD"", ""PTEXT"", ""PVV"", ""PRGINT"", ""XHINV""]}",10
PSF,"{""cardinality"": 6, ""missing_subset"": [""PCO2EXT"", ""PRAD"", ""PTEXT"", ""PVV"", ""PRGINT"", ""XTINV""]}",10
PSF,"{""cardinality"": 6, ""missing_subset"": [""PCO2EXT"", ""PRAD"", ""PTEXT"", ""PVV"", ""XCO2I"", ""PRGINT""]}",10
PSF,"{""cardinality"": 6, ""missing_subset"": [""PCO2EXT"", ""PRAD"", ""PTEXT"", ""PVV"", ""XCO2I"", ""XHINV""]}",10
PSF,"{""cardinality"": 6, ""missing_subset"": [""PCO2EXT"", ""PRAD"", ""PTEXT"", ""PVV"", ""XCO2I"", ""XTINV""]}",10
PSF,"{""cardinality"": 6, ""missing_subset"": [""PCO2EXT"", ""PRAD"", ""PTEXT"", ""PVV"", ""XHINV"", ""XTINV""]}",10
PSF,"{""cardinality"": 6, ""missing_subset"": [""PCO2EXT"", ""PRAD"", ""PTEXT"", ""XCO2I"", ""PRGINT"", ""XHINV""]}",10
PSF,"{""cardinality"": 6, ""missing_subset"": [""PCO2EXT"", ""PRAD"", ""PTEXT"", ""XCO2I"", ""PRGINT"", ""XTINV""]}",10
PSF,"{""cardinality"": 6, ""missing_subset"": [""PCO2EXT"", ""PRAD"", ""PTEXT"", ""XCO2I"", ""XHINV"", ""XTINV""]}",10
PSF,"{""cardinality"": 6, ""missing_subset"": [""PCO2EXT"", ""PRAD"", ""PVV"", ""PRGINT"", ""XHINV"", ""XTINV""]}",10
PSF,"{""cardinality"": 6, ""missing_subset"": [""PCO2EXT"", ""PRAD"", ""PVV"", ""XCO2I"", ""PRGINT"", ""XHINV""]}",10
PSF,"{""cardinality"": 6, ""missing_subset"": [""PCO2EXT"", ""PRAD"", ""PVV"", ""XCO2I"", ""PRGINT"", ""XTINV""]}",10
PSF,"{""cardinality"": 6, ""missing_subset"": [""PCO2EXT"", ""PRAD"", ""PVV"", ""XCO2I"", ""XHINV"", ""XTINV""]}",10
PSF,"{""cardinality"": 6, ""missing_subset"": [""PCO2EXT"", ""PRAD"", ""XCO2I"", ""PRGINT"", ""XHINV"", ""XTINV""]}",10
PSF,"{""cardinality"": 6, ""missing_subset"": [""PCO2EXT"", ""PTEXT"", ""PVV"", ""PRGINT"", ""XHINV"", ""XTINV""]}",10
PSF,"{""cardinality"": 6, ""missing_subset"": [""PCO2EXT"", ""PTEXT"", ""PVV"", ""XCO2I"", ""PRGINT"", ""XHINV""]}",10
PSF,"{""cardinality"": 6, ""missing_subset"": [""PCO2EXT"", ""PTEXT"", ""PVV"", ""XCO2I"", ""PRGINT"", ""XTINV""]}",10
PSF,"{""cardinality"": 6, ""missing_subset"": [""PCO2EXT"", ""PTEXT"", ""PVV"", ""XCO2I"", ""XHINV"", ""XTINV""]}",10
PSF,"{""cardinality"": 6, ""missing_subset"": [""PCO2EXT"", ""PTEXT"", ""XCO2I"", ""PRGINT"", ""XHINV"", ""XTINV""]}",10
PSF,"{""cardinality"": 6, ""missing_subset"": [""PCO2EXT"", ""PVV"", ""XCO2I"", ""PRGINT"", ""XHINV"", ""XTINV""]}",10
PSF,"{""cardinality"": 6, ""missing_subset"": [""PHEXT"", ""PRAD"", ""PTEXT"", ""PRGINT"", ""XHINV"", ""XTINV""]}",10
PSF,"{""cardinality"": 6, ""missing_subset"": [""PHEXT"", ""PRAD"", ""PTEXT"", ""PVV"", ""PRGINT"", ""XHINV""]}",10
PSF,"{""cardinality"": 6, ""missing_subset"": [""PHEXT"", ""PRAD"", ""PTEXT"", ""PVV"", ""PRGINT"", ""XTINV""]}",10
PSF,"{""cardinality"": 6, ""missing_subset"": [""PHEXT"", ""PRAD"", ""PTEXT"", ""PVV"", ""XCO2I"", ""PRGINT""]}",10
PSF,"{""cardinality"": 6, ""missing_subset"": [""PHEXT"", ""PRAD"", ""PTEXT"", ""PVV"", ""XCO2I"", ""XHINV""]}",10
PSF,"{""cardinality"": 6, ""missing_subset"": [""PHEXT"", ""PRAD"", ""PTEXT"", ""PVV"", ""XCO2I"", ""XTINV""]}",10
PSF,"{""cardinality"": 6, ""missing_subset"": [""PHEXT"", ""PRAD"", ""PTEXT"", ""PVV"", ""XHINV"", ""XTINV""]}",10
PSF,"{""cardinality"": 6, ""missing_subset"": [""PHEXT"", ""PRAD"", ""PTEXT"", ""XCO2I"", ""PRGINT"", ""XHINV""]}",10
PSF,"{""cardinality"": 6, ""missing_subset"": [""PHEXT"", ""PRAD"", ""PTEXT"", ""XCO2I"", ""PRGINT"", ""XTINV""]}",10
PSF,"{""cardinality"": 6, ""missing_subset"": [""PHEXT"", ""PRAD"", ""PTEXT"", ""XCO2I"", ""XHINV"", ""XTINV""]}",10
PSF,"{""cardinality"": 6, ""missing_subset"": [""PHEXT"", ""PRAD"", ""PVV"", ""PRGINT"", ""XHINV"", ""XTINV""]}",10
PSF,"{""cardinality"": 6, ""missing_subset"": [""PHEXT"", ""PRAD"", ""PVV"", ""XCO2I"", ""PRGINT"", ""XHINV""]}",10
PSF,"{""cardinality"": 6, ""missing_subset"": [""PHEXT"", ""PRAD"", ""PVV"", ""XCO2I"", ""PRGINT"", ""XTINV""]}",10
PSF,"{""cardinality"": 6, ""missing_subset"": [""PHEXT"", ""PRAD"", ""PVV"", ""XCO2I"", ""XHINV"", ""XTINV""]}",10
PSF,"{""cardinality"": 6, ""missing_subset"": [""PHEXT"", ""PRAD"", ""XCO2I"", ""PRGINT"", ""XHINV"", ""XTINV""]}",10
PSF,"{""cardinality"": 6, ""missing_subset"": [""PHEXT"", ""PTEXT"", ""PVV"", ""PRGINT"", ""XHINV"", ""XTINV""]}",10
PSF,"{""cardinality"": 6, ""missing_subset"": [""PHEXT"", ""PTEXT"", ""PVV"", ""XCO2I"", ""PRGINT"", ""XHINV""]}",10
PSF,"{""cardinality"": 6, ""missing_subset"": [""PHEXT"", ""PTEXT"", ""PVV"", ""XCO2I"", ""PRGINT"", ""XTINV""]}",10
PSF,"{""cardinality"": 6, ""missing_subset"": [""PHEXT"", ""PTEXT"", ""PVV"", ""XCO2I"", ""XHINV"", ""XTINV""]}",10
PSF,"{""cardinality"": 6, ""missing_subset"": [""PHEXT"", ""PTEXT"", ""XCO2I"", ""PRGINT"", ""XHINV"", ""XTINV""]}",10
PSF,"{""cardinality"": 6, ""missing_subset"": [""PHEXT"", ""PVV"", ""XCO2I"", ""PRGINT"", ""XHINV"", ""XTINV""]}",10
PSF,"{""cardinality"": 6, ""missing_subset"": [""PRAD"", ""PTEXT"", ""PVV"", ""PRGINT"", ""XHINV"", ""XTINV""]}",10
PSF,"{""cardinality"": 6, ""missing_subset"": [""PRAD"", ""PTEXT"", ""PVV"", ""XCO2I"", ""PRGINT"", ""XHINV""]}",10
PSF,"{""cardinality"": 6, ""missing_subset"": [""PRAD"", ""PTEXT"", ""PVV"", ""XCO2I"", ""PRGINT"", ""XTINV""]}",10
PSF,"{""cardinality"": 6, ""missing_subset"": [""PRAD"", ""PTEXT"", ""PVV"", ""XCO2I"", ""XHINV"", ""XTINV""]}",10
PSF,"{""cardinality"": 6, ""missing_subset"": [""PRAD"", ""PTEXT"", ""XCO2I"", ""PRGINT"", ""XHINV"", ""XTINV""]}",10
PSF,"{""cardinality"": 6, ""missing_subset"": [""PRAD"", ""PVV"", ""XCO2I"", ""PRGINT"", ""XHINV"", ""XTINV""]}",10
PSF,"{""cardinality"": 6, ""missing_subset"": [""PTEXT"", ""PVV"", ""XCO2I"", ""PRGINT"", ""XHINV"", ""XTINV""]}",10
PSF,"{""cardinality"": 7, ""missing_subset"": [""PCO2EXT"", ""PHEXT"", ""PRAD"", ""PTEXT"", ""PRGINT"", ""XHINV"", ""XTINV""]}",10
PSF,"{""cardinality"": 7, ""missing_subset"": [""PCO2EXT"", ""PHEXT"", ""PRAD"", ""PTEXT"", ""PVV"", ""PRGINT"", ""XHINV""]}",10
PSF,"{""cardinality"": 7, ""missing_subset"": [""PCO2EXT"", ""PHEXT"", ""PRAD"", ""PTEXT"", ""PVV"", ""PRGINT"", ""XTINV""]}",10
PSF,"{""cardinality"": 7, ""missing_subset"": [""PCO2EXT"", ""PHEXT"", ""PRAD"", ""PTEXT"", ""PVV"", ""XCO2I"", ""PRGINT""]}",10
PSF,"{""cardinality"": 7, ""missing_subset"": [""PCO2EXT"", ""PHEXT"", ""PRAD"", ""PTEXT"", ""PVV"", ""XCO2I"", ""XHINV""]}",10
PSF,"{""cardinality"": 7, ""missing_subset"": [""PCO2EXT"", ""PHEXT"", ""PRAD"", ""PTEXT"", ""PVV"", ""XCO2I"", ""XTINV""]}",10
PSF,"{""cardinality"": 7, ""missing_subset"": [""PCO2EXT"", ""PHEXT"", ""PRAD"", ""PTEXT"", ""PVV"", ""XHINV"", ""XTINV""]}",10
PSF,"{""cardinality"": 7, ""missing_subset"": [""PCO2EXT"", ""PHEXT"", ""PRAD"", ""PTEXT"", ""XCO2I"", ""PRGINT"", ""XHINV""]}",10
PSF,"{""cardinality"": 7, ""missing_subset"": [""PCO2EXT"", ""PHEXT"", ""PRAD"", ""PTEXT"", ""XCO2I"", ""PRGINT"", ""XTINV""]}",10
PSF,"{""cardinality"": 7, ""missing_subset"": [""PCO2EXT"", ""PHEXT"", ""PRAD"", ""PTEXT"", ""XCO2I"", ""XHINV"", ""XTINV""]}",10
PSF,"{""cardinality"": 7, ""missing_subset"": [""PCO2EXT"", ""PHEXT"", ""PRAD"", ""PVV"", ""PRGINT"", ""XHINV"", ""XTINV""]}",10
PSF,"{""cardinality"": 7, ""missing_subset"": [""PCO2EXT"", ""PHEXT"", ""PRAD"", ""PVV"", ""XCO2I"", ""PRGINT"", ""XHINV""]}",10
PSF,"{""cardinality"": 7, ""missing_subset"": [""PCO2EXT"", ""PHEXT"", ""PRAD"", ""PVV"", ""XCO2I"", ""PRGINT"", ""XTINV""]}",10
PSF,"{""cardinality"": 7, ""missing_subset"": [""PCO2EXT"", ""PHEXT"", ""PRAD"", ""PVV"", ""XCO2I"", ""XHINV"", ""XTINV""]}",10
PSF,"{""cardinality"": 7, ""missing_subset"": [""PCO2EXT"", ""PHEXT"", ""PRAD"", ""XCO2I"", ""PRGINT"", ""XHINV"", ""XTINV""]}",10
PSF,"{""cardinality"": 7, ""missing_subset"": [""PCO2EXT"", ""PHEXT"", ""PTEXT"", ""PVV"", ""PRGINT"", ""XHINV"", ""XTINV""]}",10
PSF,"{""cardinality"": 7, ""missing_subset"": [""PCO2EXT"", ""PHEXT"", ""PTEXT"", ""PVV"", ""XCO2I"", ""PRGINT"", ""XHINV""]}",10
PSF,"{""cardinality"": 7, ""missing_subset"": [""PCO2EXT"", ""PHEXT"", ""PTEXT"", ""PVV"", ""XCO2I"", ""PRGINT"", ""XTINV""]}",10
PSF,"{""cardinality"": 7, ""missing_subset"": [""PCO2EXT"", ""PHEXT"", ""PTEXT"", ""PVV"", ""XCO2I"", ""XHINV"", ""XTINV""]}",10
PSF,"{""cardinality"": 7, ""missing_subset"": [""PCO2EXT"", ""PHEXT"", ""PTEXT"", ""XCO2I"", ""PRGINT"", ""XHINV"", ""XTINV""]}",10
PSF,"{""cardinality"": 7, ""missing_subset"": [""PCO2EXT"", ""PHEXT"", ""PVV"", ""XCO2I"", ""PRGINT"", ""XHINV"", ""XTINV""]}",10
PSF,"{""cardinality"": 7, ""missing_subset"": [""PCO2EXT"", ""PRAD"", ""PTEXT"", ""PVV"", ""PRGINT"", ""XHINV"", ""XTINV""]}",10
PSF,"{""cardinality"": 7, ""missing_subset"": [""PCO2EXT"", ""PRAD"", ""PTEXT"", ""PVV"", ""XCO2I"", ""PRGINT"", ""XHINV""]}",10
PSF,"{""cardinality"": 7, ""missing_subset"": [""PCO2EXT"", ""PRAD"", ""PTEXT"", ""PVV"", ""XCO2I"", ""PRGINT"", ""XTINV""]}",10
PSF,"{""cardinality"": 7, ""missing_subset"": [""PCO2EXT"", ""PRAD"", ""PTEXT"", ""PVV"", ""XCO2I"", ""XHINV"", ""XTINV""]}",10
PSF,"{""cardinality"": 7, ""missing_subset"": [""PCO2EXT"", ""PRAD"", ""PTEXT"", ""XCO2I"", ""PRGINT"", ""XHINV"", ""XTINV""]}",10
PSF,"{""cardinality"": 7, ""missing_subset"": [""PCO2EXT"", ""PRAD"", ""PVV"", ""XCO2I"", ""PRGINT"", ""XHINV"", ""XTINV""]}",10
PSF,"{""cardinality"": 7, ""missing_subset"": [""PCO2EXT"", ""PTEXT"", ""PVV"", ""XCO2I"", ""PRGINT"", ""XHINV"", ""XTINV""]}",10
PSF,"{""cardinality"": 7, ""missing_subset"": [""PHEXT"", ""PRAD"", ""PTEXT"", ""PVV"", ""PRGINT"", ""XHINV"", ""XTINV""]}",10
PSF,"{""cardinality"": 7, ""missing_subset"": [""PHEXT"", ""PRAD"", ""PTEXT"", ""PVV"", ""XCO2I"", ""PRGINT"", ""XHINV""]}",10
PSF,"{""cardinality"": 7, ""missing_subset"": [""PHEXT"", ""PRAD"", ""PTEXT"", ""PVV"", ""XCO2I"", ""PRGINT"", ""XTINV""]}",10
PSF,"{""cardinality"": 7, ""missing_subset"": [""PHEXT"", ""PRAD"", ""PTEXT"", ""PVV"", ""XCO2I"", ""XHINV"", ""XTINV""]}",10
PSF,"{""cardinality"": 7, ""missing_subset"": [""PHEXT"", ""PRAD"", ""PTEXT"", ""XCO2I"", ""PRGINT"", ""XHINV"", ""XTINV""]}",10
PSF,"{""cardinality"": 7, ""missing_subset"": [""PHEXT"", ""PRAD"", ""PVV"", ""XCO2I"", ""PRGINT"", ""XHINV"", ""XTINV""]}",10
PSF,"{""cardinality"": 7, ""missing_subset"": [""PHEXT"", ""PTEXT"", ""PVV"", ""XCO2I"", ""PRGINT"", ""XHINV"", ""XTINV""]}",10
PSF,"{""cardinality"": 7, ""missing_subset"": [""PRAD"", ""PTEXT"", ""PVV"", ""XCO2I"", ""PRGINT"", ""XHINV"", ""XTINV""]}",10
PSF,"{""cardinality"": 8, ""missing_subset"": [""PCO2EXT"", ""PHEXT"", ""PRAD"", ""PTEXT"", ""PVV"", ""PRGINT"", ""XHINV"", ""XTINV""]}",10
PSF,"{""cardinality"": 8, ""missing_subset"": [""PCO2EXT"", ""PHEXT"", ""PRAD"", ""PTEXT"", ""PVV"", ""XCO2I"", ""PRGINT"", ""XHINV""]}",10
PSF,"{""cardinality"": 8, ""missing_subset"": [""PCO2EXT"", ""PHEXT"", ""PRAD"", ""PTEXT"", ""PVV"", ""XCO2I"", ""PRGINT"", ""XTINV""]}",10
PSF,"{""cardinality"": 8, ""missing_subset"": [""PCO2EXT"", ""PHEXT"", ""PRAD"", ""PTEXT"", ""PVV"", ""XCO2I"", ""XHINV"", ""XTINV""]}",10
PSF,"{""cardinality"": 8, ""missing_subset"": [""PCO2EXT"", ""PHEXT"", ""PRAD"", ""PTEXT"", ""XCO2I"", ""PRGINT"", ""XHINV"", ""XTINV""]}",10
PSF,"{""cardinality"": 8, ""missing_subset"": [""PCO2EXT"", ""PHEXT"", ""PRAD"", ""PVV"", ""XCO2I"", ""PRGINT"", ""XHINV"", ""XTINV""]}",10
PSF,"{""cardinality"": 8, ""missing_subset"": [""PCO2EXT"", ""PHEXT"", ""PTEXT"", ""PVV"", ""XCO2I"", ""PRGINT"", ""XHINV"", ""XTINV""]}",10
PSF,"{""cardinality"": 8, ""missing_subset"": [""PCO2EXT"", ""PRAD"", ""PTEXT"", ""PVV"", ""XCO2I"", ""PRGINT"", ""XHINV"", ""XTINV""]}",10
PSF,"{""cardinality"": 8, ""missing_subset"": [""PHEXT"", ""PRAD"", ""PTEXT"", ""PVV"", ""XCO2I"", ""PRGINT"", ""XHINV"", ""XTINV""]}",10
SS,"{""available_independent_windows"": 1, ""duration"": 60, ""final_planned_checks"": 1, ""paper_sensor"": ""DTEXT"", ""requested_windows"": 100, ""sensor"": ""PTEXT""}",1
SS,"{""available_independent_windows"": 1, ""duration"": 60, ""final_planned_checks"": 1, ""paper_sensor"": ""DVEXT"", ""requested_windows"": 100, ""sensor"": ""PVV""}",1
SS,"{""available_independent_windows"": 1, ""duration"": 60, ""final_planned_checks"": 1, ""paper_sensor"": ""XCO2INT"", ""requested_windows"": 100, ""sensor"": ""XCO2I""}",1
SS,"{""available_independent_windows"": 1, ""duration"": 60, ""final_planned_checks"": 1, ""paper_sensor"": ""XGRINT"", ""requested_windows"": 100, ""sensor"": ""PRGINT""}",1
SS,"{""available_independent_windows"": 1, ""duration"": 60, ""final_planned_checks"": 1, ""paper_sensor"": ""XTINT"", ""requested_windows"": 100, ""sensor"": ""XTINV""}",1
SS,"{""available_independent_windows"": 159, ""duration"": 30, ""final_planned_checks"": 100, ""paper_sensor"": ""DCO2EXT"", ""requested_windows"": 100, ""sensor"": ""PCO2EXT""}",100
SS,"{""available_independent_windows"": 159, ""duration"": 30, ""final_planned_checks"": 100, ""paper_sensor"": ""DHEXT"", ""requested_windows"": 100, ""sensor"": ""PHEXT""}",100
SS,"{""available_independent_windows"": 159, ""duration"": 30, ""final_planned_checks"": 100, ""paper_sensor"": ""DVEXT"", ""requested_windows"": 100, ""sensor"": ""PVV""}",100
SS,"{""available_independent_windows"": 159, ""duration"": 30, ""final_planned_checks"": 100, ""paper_sensor"": ""XCO2INT"", ""requested_windows"": 100, ""sensor"": ""XCO2I""}",100
SS,"{""available_independent_windows"": 159, ""duration"": 30, ""final_planned_checks"": 100, ""paper_sensor"": ""XHINT"", ""requested_windows"": 100, ""sensor"": ""XHINV""}",100
SS,"{""available_independent_windows"": 1640, ""duration"": 16, ""final_planned_checks"": 100, ""paper_sensor"": ""DHEXT"", ""requested_windows"": 100, ""sensor"": ""PHEXT""}",100
SS,"{""available_independent_windows"": 1640, ""duration"": 16, ""final_planned_checks"": 100, ""paper_sensor"": ""XHINT"", ""requested_windows"": 100, ""sensor"": ""XHINV""}",100
SS,"{""available_independent_windows"": 18, ""duration"": 40, ""final_planned_checks"": 18, ""paper_sensor"": ""XGRINT"", ""requested_windows"": 100, ""sensor"": ""PRGINT""}",18
SS,"{""available_independent_windows"": 2, ""duration"": 55, ""final_planned_checks"": 2, ""paper_sensor"": ""DTEXT"", ""requested_windows"": 100, ""sensor"": ""PTEXT""}",2
SS,"{""available_independent_windows"": 2, ""duration"": 55, ""final_planned_checks"": 2, ""paper_sensor"": ""XTINT"", ""requested_windows"": 100, ""sensor"": ""XTINV""}",2
SS,"{""available_independent_windows"": 272, ""duration"": 27, ""final_planned_checks"": 100, ""paper_sensor"": ""DHEXT"", ""requested_windows"": 100, ""sensor"": ""PHEXT""}",100
SS,"{""available_independent_windows"": 272, ""duration"": 27, ""final_planned_checks"": 100, ""paper_sensor"": ""XHINT"", ""requested_windows"": 100, ""sensor"": ""XHINV""}",100
SS,"{""available_independent_windows"": 31, ""duration"": 40, ""final_planned_checks"": 31, ""paper_sensor"": ""DCO2EXT"", ""requested_windows"": 100, ""sensor"": ""PCO2EXT""}",31
SS,"{""available_independent_windows"": 31, ""duration"": 40, ""final_planned_checks"": 31, ""paper_sensor"": ""DTEXT"", ""requested_windows"": 100, ""sensor"": ""PTEXT""}",31
SS,"{""available_independent_windows"": 31, ""duration"": 40, ""final_planned_checks"": 31, ""paper_sensor"": ""DVEXT"", ""requested_windows"": 100, ""sensor"": ""PVV""}",31
SS,"{""available_independent_windows"": 31, ""duration"": 40, ""final_planned_checks"": 31, ""paper_sensor"": ""XCO2INT"", ""requested_windows"": 100, ""sensor"": ""XCO2I""}",31
SS,"{""available_independent_windows"": 31, ""duration"": 40, ""final_planned_checks"": 31, ""paper_sensor"": ""XTINT"", ""requested_windows"": 100, ""sensor"": ""XTINV""}",31
SS,"{""available_independent_windows"": 360, ""duration"": 25, ""final_planned_checks"": 100, ""paper_sensor"": ""DCO2EXT"", ""requested_windows"": 100, ""sensor"": ""PCO2EXT""}",100
SS,"{""available_independent_windows"": 380, ""duration"": 20, ""final_planned_checks"": 100, ""paper_sensor"": ""XGRINT"", ""requested_windows"": 100, ""sensor"": ""PRGINT""}",100
SS,"{""available_independent_windows"": 4, ""duration"": 50, ""final_planned_checks"": 4, ""paper_sensor"": ""XGRINT"", ""requested_windows"": 100, ""sensor"": ""PRGINT""}",4
SS,"{""available_independent_windows"": 491, ""duration"": 23, ""final_planned_checks"": 100, ""paper_sensor"": ""DHEXT"", ""requested_windows"": 100, ""sensor"": ""PHEXT""}",100
SS,"{""available_independent_windows"": 491, ""duration"": 23, ""final_planned_checks"": 100, ""paper_sensor"": ""XHINT"", ""requested_windows"": 100, ""sensor"": ""XHINV""}",100
SS,"{""available_independent_windows"": 58, ""duration"": 30, ""final_planned_checks"": 58, ""paper_sensor"": ""XGRINT"", ""requested_windows"": 100, ""sensor"": ""PRGINT""}",58
SS,"{""available_independent_windows"": 6, ""duration"": 50, ""final_planned_checks"": 6, ""paper_sensor"": ""DTEXT"", ""requested_windows"": 100, ""sensor"": ""PTEXT""}",6
SS,"{""available_independent_windows"": 6, ""duration"": 50, ""final_planned_checks"": 6, ""paper_sensor"": ""DVEXT"", ""requested_windows"": 100, ""sensor"": ""PVV""}",6
SS,"{""available_independent_windows"": 6, ""duration"": 50, ""final_planned_checks"": 6, ""paper_sensor"": ""XCO2INT"", ""requested_windows"": 100, ""sensor"": ""XCO2I""}",6
SS,"{""available_independent_windows"": 6, ""duration"": 50, ""final_planned_checks"": 6, ""paper_sensor"": ""XTINT"", ""requested_windows"": 100, ""sensor"": ""XTINV""}",6
SS,"{""available_independent_windows"": 71, ""duration"": 35, ""final_planned_checks"": 71, ""paper_sensor"": ""DCO2EXT"", ""requested_windows"": 100, ""sensor"": ""PCO2EXT""}",71
SS,"{""available_independent_windows"": 802, ""duration"": 20, ""final_planned_checks"": 100, ""paper_sensor"": ""DCO2EXT"", ""requested_windows"": 100, ""sensor"": ""PCO2EXT""}",100
SS,"{""available_independent_windows"": 802, ""duration"": 20, ""final_planned_checks"": 100, ""paper_sensor"": ""DHEXT"", ""requested_windows"": 100, ""sensor"": ""PHEXT""}",100
SS,"{""available_independent_windows"": 802, ""duration"": 20, ""final_planned_checks"": 100, ""paper_sensor"": ""DVEXT"", ""requested_windows"": 100, ""sensor"": ""PVV""}",100
SS,"{""available_independent_windows"": 802, ""duration"": 20, ""final_planned_checks"": 100, ""paper_sensor"": ""XCO2INT"", ""requested_windows"": 100, ""sensor"": ""XCO2I""}",100
SS,"{""available_independent_windows"": 802, ""duration"": 20, ""final_planned_checks"": 100, ""paper_sensor"": ""XHINT"", ""requested_windows"": 100, ""sensor"": ""XHINV""}",100
SS,"{""available_independent_windows"": 9, ""duration"": 45, ""final_planned_checks"": 9, ""paper_sensor"": ""DTEXT"", ""requested_windows"": 100, ""sensor"": ""PTEXT""}",9
SS,"{""available_independent_windows"": 9, ""duration"": 45, ""final_planned_checks"": 9, ""paper_sensor"": ""XTINT"", ""requested_windows"": 100, ""sensor"": ""XTINV""}",9
