configuration,rq3_supported,checks
PCO2EXT|duration=20,True,100
PCO2EXT|duration=25,True,100
PCO2EXT|duration=30,True,100
PCO2EXT|duration=35,True,71
PCO2EXT|duration=40,True,31
PHEXT|duration=16,True,100
PHEXT|duration=20,True,100
PHEXT|duration=23,True,100
PHEXT|duration=27,True,100
PHEXT|duration=30,True,100
PRGINT|duration=20,True,100
PRGINT|duration=30,True,58
PRGINT|duration=40,False,18
PRGINT|duration=50,False,4
PRGINT|duration=60,False,1
PTEXT|duration=40,True,31
PTEXT|duration=45,False,9
PTEXT|duration=50,False,6
PTEXT|duration=55,False,2
PTEXT|duration=60,False,1
PVV|duration=20,True,100
PVV|duration=30,True,100
PVV|duration=40,True,31
PVV|duration=50,False,6
PVV|duration=60,False,1
XCO2I|duration=20,True,100
XCO2I|duration=30,True,100
XCO2I|duration=40,True,31
XCO2I|duration=50,False,6
XCO2I|duration=60,False,1
XHINV|duration=16,True,100
XHINV|duration=20,True,100
XHINV|duration=23,True,100
XHINV|duration=27,True,100
XHINV|duration=30,True,100
XTINV|duration=40,True,31
XTINV|duration=45,False,9
XTINV|duration=50,False,6
XTINV|duration=55,False,2
XTINV|duration=60,False,1
