property,stratum,available_base_contexts,required_base_contexts,status,detail
MV,PCO2EXT,133317,500,ok,{}
MV,PHEXT,133317,500,ok,{}
MV,PRAD,133317,500,ok,{}
MV,PTEXT,133317,500,ok,{}
MV,PVV,133317,500,ok,{}
MV,XCO2I,133317,500,ok,{}
MV,PRGINT,133317,500,ok,{}
MV,XHINV,133317,500,ok,{}
MV,XTINV,133317,500,ok,{}
SS,PCO2EXT|duration=20,804,100,ok,{}
SS,PCO2EXT|duration=25,360,100,ok,{}
SS,PCO2EXT|duration=30,159,100,ok,{}
SS,PCO2EXT|duration=35,71,100,insufficient,{}
SS,PCO2EXT|duration=40,31,100,insufficient,{}
SS,PHEXT|duration=16,1644,100,ok,{}
SS,PHEXT|duration=20,804,100,ok,{}
SS,PHEXT|duration=23,493,100,ok,{}
SS,PHEXT|duration=27,272,100,ok,{}
SS,PHEXT|duration=30,159,100,ok,{}
SS,PTEXT|duration=40,31,100,insufficient,{}
SS,PTEXT|duration=45,9,100,insufficient,{}
SS,PTEXT|duration=50,6,100,insufficient,{}
SS,PTEXT|duration=55,2,100,insufficient,{}
SS,PTEXT|duration=60,1,100,insufficient,{}
SS,PVV|duration=20,804,100,ok,{}
SS,PVV|duration=30,159,100,ok,{}
SS,PVV|duration=40,31,100,insufficient,{}
SS,PVV|duration=50,6,100,insufficient,{}
SS,PVV|duration=60,1,100,insufficient,{}
SS,XCO2I|duration=20,804,100,ok,{}
SS,XCO2I|duration=30,159,100,ok,{}
SS,XCO2I|duration=40,31,100,insufficient,{}
SS,XCO2I|duration=50,6,100,insufficient,{}
SS,XCO2I|duration=60,1,100,insufficient,{}
SS,PRGINT|duration=20,380,100,ok,{}
SS,PRGINT|duration=30,58,100,insufficient,{}
SS,PRGINT|duration=40,18,100,insufficient,{}
SS,PRGINT|duration=50,4,100,insufficient,{}
SS,PRGINT|duration=60,1,100,insufficient,{}
SS,XHINV|duration=16,1644,100,ok,{}
SS,XHINV|duration=20,804,100,ok,{}
SS,XHINV|duration=23,493,100,ok,{}
SS,XHINV|duration=27,272,100,ok,{}
SS,XHINV|duration=30,159,100,ok,{}
SS,XTINV|duration=40,31,100,insufficient,{}
SS,XTINV|duration=45,9,100,insufficient,{}
SS,XTINV|duration=50,6,100,insufficient,{}
SS,XTINV|duration=55,2,100,insufficient,{}
SS,XTINV|duration=60,1,100,insufficient,{}
N,PCO2EXT|direction=-1|magnitude=25,132676,80,ok,{}
N,PCO2EXT|direction=-1|magnitude=37.5,132676,80,ok,{}
N,PCO2EXT|direction=-1|magnitude=50,132676,80,ok,{}
N,PCO2EXT|direction=-1|magnitude=62.5,132675,80,ok,{}
N,PCO2EXT|direction=-1|magnitude=75,132675,80,ok,{}
N,PCO2EXT|direction=1|magnitude=25,132676,80,ok,{}
N,PCO2EXT|direction=1|magnitude=37.5,132676,80,ok,{}
N,PCO2EXT|direction=1|magnitude=50,132676,80,ok,{}
N,PCO2EXT|direction=1|magnitude=62.5,132676,80,ok,{}
N,PCO2EXT|direction=1|magnitude=75,132676,80,ok,{}
N,PHEXT|direction=-1|magnitude=10,132661,80,ok,{}
N,PHEXT|direction=-1|magnitude=13.75,132661,80,ok,{}
N,PHEXT|direction=-1|magnitude=17.5,132211,80,ok,{}
N,PHEXT|direction=-1|magnitude=21.25,131937,80,ok,{}
N,PHEXT|direction=-1|magnitude=25,130854,80,ok,{}
N,PHEXT|direction=1|magnitude=10,131347,80,ok,{}
N,PHEXT|direction=1|magnitude=13.75,123694,80,ok,{}
N,PHEXT|direction=1|magnitude=17.5,115166,80,ok,{}
N,PHEXT|direction=1|magnitude=21.25,106810,80,ok,{}
N,PHEXT|direction=1|magnitude=25,99291,80,ok,{}
N,PRAD|direction=1|magnitude=150,132674,80,ok,{}
N,PRAD|direction=1|magnitude=237.5,132671,80,ok,{}
N,PRAD|direction=1|magnitude=325,132651,80,ok,{}
N,PRAD|direction=1|magnitude=412.5,132561,80,ok,{}
N,PRAD|direction=1|magnitude=500,131867,80,ok,{}
N,PTEXT|direction=-1|magnitude=3,132625,80,ok,{}
N,PTEXT|direction=-1|magnitude=4.25,132625,80,ok,{}
N,PTEXT|direction=-1|magnitude=5.5,132625,80,ok,{}
N,PTEXT|direction=-1|magnitude=6.75,132625,80,ok,{}
N,PTEXT|direction=-1|magnitude=8,132625,80,ok,{}
N,PTEXT|direction=1|magnitude=3,132625,80,ok,{}
N,PTEXT|direction=1|magnitude=4.25,132625,80,ok,{}
N,PTEXT|direction=1|magnitude=5.5,132625,80,ok,{}
N,PTEXT|direction=1|magnitude=6.75,132625,80,ok,{}
N,PTEXT|direction=1|magnitude=8,132625,80,ok,{}
N,PVV|direction=1|magnitude=5,128832,80,ok,{}
N,PVV|direction=1|magnitude=6,128832,80,ok,{}
N,PVV|direction=1|magnitude=7,128832,80,ok,{}
N,PVV|direction=1|magnitude=8,128832,80,ok,{}
N,PVV|direction=1|magnitude=9,128832,80,ok,{}
N,XCO2I|direction=-1|magnitude=60,132688,80,ok,{}
N,XCO2I|direction=-1|magnitude=85,132687,80,ok,{}
N,XCO2I|direction=-1|magnitude=110,132685,80,ok,{}
N,XCO2I|direction=-1|magnitude=135,132271,80,ok,{}
N,XCO2I|direction=-1|magnitude=160,129400,80,ok,{}
N,XCO2I|direction=1|magnitude=60,132689,80,ok,{}
N,XCO2I|direction=1|magnitude=85,132689,80,ok,{}
N,XCO2I|direction=1|magnitude=110,132689,80,ok,{}
N,XCO2I|direction=1|magnitude=135,132689,80,ok,{}
N,XCO2I|direction=1|magnitude=160,132689,80,ok,{}
N,PRGINT|direction=1|magnitude=80,130328,80,ok,{}
N,PRGINT|direction=1|magnitude=122.5,130328,80,ok,{}
N,PRGINT|direction=1|magnitude=165,130328,80,ok,{}
N,PRGINT|direction=1|magnitude=207.5,130328,80,ok,{}
N,PRGINT|direction=1|magnitude=250,130328,80,ok,{}
N,XHINV|direction=-1|magnitude=10,132620,80,ok,{}
N,XHINV|direction=-1|magnitude=13.75,132620,80,ok,{}
N,XHINV|direction=-1|magnitude=17.5,132620,80,ok,{}
N,XHINV|direction=-1|magnitude=21.25,132336,80,ok,{}
N,XHINV|direction=-1|magnitude=25,131119,80,ok,{}
N,XHINV|direction=1|magnitude=10,129267,80,ok,{}
N,XHINV|direction=1|magnitude=13.75,109025,80,ok,{}
N,XHINV|direction=1|magnitude=17.5,94560,80,ok,{}
N,XHINV|direction=1|magnitude=21.25,84160,80,ok,{}
N,XHINV|direction=1|magnitude=25,76120,80,ok,{}
N,XTINV|direction=-1|magnitude=3,132679,80,ok,{}
N,XTINV|direction=-1|magnitude=4.25,132679,80,ok,{}
N,XTINV|direction=-1|magnitude=5.5,132679,80,ok,{}
N,XTINV|direction=-1|magnitude=6.75,132679,80,ok,{}
N,XTINV|direction=-1|magnitude=8,132679,80,ok,{}
N,XTINV|direction=1|magnitude=3,132679,80,ok,{}
N,XTINV|direction=1|magnitude=4.25,132679,80,ok,{}
N,XTINV|direction=1|magnitude=5.5,132679,80,ok,{}
N,XTINV|direction=1|magnitude=6.75,132679,80,ok,{}
N,XTINV|direction=1|magnitude=8,132679,80,ok,{}
ORV,PCO2EXT|direction=below|alpha=0.01,133317,100,ok,{}
ORV,PCO2EXT|direction=below|alpha=0.025,133317,100,ok,{}
ORV,PCO2EXT|direction=below|alpha=0.05,133317,100,ok,{}
ORV,PCO2EXT|direction=below|alpha=0.1,133317,100,ok,{}
ORV,PCO2EXT|direction=above|alpha=0.01,133317,100,ok,{}
ORV,PCO2EXT|direction=above|alpha=0.025,133317,100,ok,{}
ORV,PCO2EXT|direction=above|alpha=0.05,133317,100,ok,{}
ORV,PCO2EXT|direction=above|alpha=0.1,133317,100,ok,{}
ORV,PHEXT|direction=below|alpha=0.01,133317,100,ok,{}
ORV,PHEXT|direction=below|alpha=0.025,133317,100,ok,{}
ORV,PHEXT|direction=below|alpha=0.05,133317,100,ok,{}
ORV,PHEXT|direction=below|alpha=0.1,133317,100,ok,{}
ORV,PHEXT|direction=above|alpha=0.01,133317,100,ok,{}
ORV,PHEXT|direction=above|alpha=0.025,133317,100,ok,{}
ORV,PHEXT|direction=above|alpha=0.05,133317,100,ok,{}
ORV,PHEXT|direction=above|alpha=0.1,133317,100,ok,{}
ORV,PRAD|direction=below|alpha=0.01,133317,100,ok,{}
ORV,PRAD|direction=below|alpha=0.025,133317,100,ok,{}
ORV,PRAD|direction=below|alpha=0.05,133317,100,ok,{}
ORV,PRAD|direction=below|alpha=0.1,133317,100,ok,{}
ORV,PRAD|direction=above|alpha=0.01,133317,100,ok,{}
ORV,PRAD|direction=above|alpha=0.025,133317,100,ok,{}
ORV,PRAD|direction=above|alpha=0.05,133317,100,ok,{}
ORV,PRAD|direction=above|alpha=0.1,133317,100,ok,{}
ORV,PTEXT|direction=below|alpha=0.01,133317,100,ok,{}
ORV,PTEXT|direction=below|alpha=0.025,133317,100,ok,{}
ORV,PTEXT|direction=below|alpha=0.05,133317,100,ok,{}
ORV,PTEXT|direction=below|alpha=0.1,133317,100,ok,{}
ORV,PTEXT|direction=above|alpha=0.01,133317,100,ok,{}
ORV,PTEXT|direction=above|alpha=0.025,133317,100,ok,{}
ORV,PTEXT|direction=above|alpha=0.05,133317,100,ok,{}
ORV,PTEXT|direction=above|alpha=0.1,133317,100,ok,{}
ORV,PVV|direction=below|alpha=0.01,133317,100,ok,{}
ORV,PVV|direction=below|alpha=0.025,133317,100,ok,{}
ORV,PVV|direction=below|alpha=0.05,133317,100,ok,{}
ORV,PVV|direction=below|alpha=0.1,133317,100,ok,{}
ORV,PVV|direction=above|alpha=0.01,133317,100,ok,{}
ORV,PVV|direction=above|alpha=0.025,133317,100,ok,{}
ORV,PVV|direction=above|alpha=0.05,133317,100,ok,{}
ORV,PVV|direction=above|alpha=0.1,133317,100,ok,{}
ORV,XCO2I|direction=below|alpha=0.01,133317,100,ok,{}
ORV,XCO2I|direction=below|alpha=0.025,133317,100,ok,{}
ORV,XCO2I|direction=below|alpha=0.05,133317,100,ok,{}
ORV,XCO2I|direction=below|alpha=0.1,133317,100,ok,{}
ORV,XCO2I|direction=above|alpha=0.01,133317,100,ok,{}
ORV,XCO2I|direction=above|alpha=0.025,133317,100,ok,{}
ORV,XCO2I|direction=above|alpha=0.05,133317,100,ok,{}
ORV,XCO2I|direction=above|alpha=0.1,133317,100,ok,{}
ORV,PRGINT|direction=below|alpha=0.01,133317,100,ok,{}
ORV,PRGINT|direction=below|alpha=0.025,133317,100,ok,{}
ORV,PRGINT|direction=below|alpha=0.05,133317,100,ok,{}
ORV,PRGINT|direction=below|alpha=0.1,133317,100,ok,{}
ORV,PRGINT|direction=above|alpha=0.01,133317,100,ok,{}
ORV,PRGINT|direction=above|alpha=0.025,133317,100,ok,{}
ORV,PRGINT|direction=above|alpha=0.05,133317,100,ok,{}
ORV,PRGINT|direction=above|alpha=0.1,133317,100,ok,{}
ORV,XHINV|direction=below|alpha=0.01,133317,100,ok,{}
ORV,XHINV|direction=below|alpha=0.025,133317,100,ok,{}
ORV,XHINV|direction=below|alpha=0.05,133317,100,ok,{}
ORV,XHINV|direction=below|alpha=0.1,133317,100,ok,{}
ORV,XHINV|direction=above|alpha=0.01,133317,100,ok,{}
ORV,XHINV|direction=above|alpha=0.025,133317,100,ok,{}
ORV,XHINV|direction=above|alpha=0.05,133317,100,ok,{}
ORV,XHINV|direction=above|alpha=0.1,133317,100,ok,{}
ORV,XTINV|direction=below|alpha=0.01,133317,100,ok,{}
ORV,XTINV|direction=below|alpha=0.025,133317,100,ok,{}
ORV,XTINV|direction=below|alpha=0.05,133317,100,ok,{}
ORV,XTINV|direction=below|alpha=0.1,133317,100,ok,{}
ORV,XTINV|direction=above|alpha=0.01,133317,100,ok,{}
ORV,XTINV|direction=above|alpha=0.025,133317,100,ok,{}
ORV,XTINV|direction=above|alpha=0.05,133317,100,ok,{}
ORV,XTINV|direction=above|alpha=0.1,133317,100,ok,{}
CA,radiation|ratio=0.02,13316,100,ok,{}
CA,radiation|ratio=0.05,13316,100,ok,{}
CA,radiation|ratio=0.08,13316,100,ok,{}
CA,co2_vent|co2=700|duration=3,40941,100,ok,{}
CA,co2_vent|co2=700|duration=5,27468,100,ok,{}
CA,co2_vent|co2=700|duration=8,15429,100,ok,{}
CA,co2_vent|co2=950|duration=3,40941,100,ok,{}
CA,co2_vent|co2=950|duration=5,27468,100,ok,{}
CA,co2_vent|co2=950|duration=8,15429,100,ok,{}
CA,co2_vent|co2=1200|duration=3,40941,100,ok,{}
CA,co2_vent|co2=1200|duration=5,27468,100,ok,{}
CA,co2_vent|co2=1200|duration=8,15429,100,ok,{}
CA,temp_inversion|delta=3,17450,100,ok,{}
CA,temp_inversion|delta=6.5,17450,100,ok,{}
CA,temp_inversion|delta=10,17450,100,ok,{}
CD,"PRAD,PRGINT|reference_quartile=low",29681,200,ok,"{""reference_p25"": 0.476074, ""reference_p75"": 174.150658}"
CD,"PRAD,PRGINT|reference_quartile=high",33320,200,ok,"{""reference_p25"": 0.476074, ""reference_p75"": 174.150658}"
CD,"XTINV,XHINV|reference_quartile=low",33230,200,ok,"{""reference_p25"": 47.33839, ""reference_p75"": 83.964825}"
CD,"XTINV,XHINV|reference_quartile=high",33174,200,ok,"{""reference_p25"": 47.33839, ""reference_p75"": 83.964825}"
CD,"PTEXT,XTINV|reference_quartile=low",33321,200,ok,"{""reference_p25"": 13.432274, ""reference_p75"": 23.937759}"
CD,"PTEXT,XTINV|reference_quartile=high",33255,200,ok,"{""reference_p25"": 13.432274, ""reference_p75"": 23.937759}"
CD,"PHEXT,XHINV|reference_quartile=low",33230,200,ok,"{""reference_p25"": 47.33839, ""reference_p75"": 83.964825}"
CD,"PHEXT,XHINV|reference_quartile=high",33174,200,ok,"{""reference_p25"": 47.33839, ""reference_p75"": 83.964825}"
PSF,cardinality=4|subset=PCO2EXT+PHEXT+PRAD+PTEXT,133317,10,ok,{}
PSF,cardinality=4|subset=PCO2EXT+PHEXT+PRAD+PVV,133317,10,ok,{}
PSF,cardinality=4|subset=PCO2EXT+PHEXT+PRAD+XCO2I,133317,10,ok,{}
PSF,cardinality=4|subset=PCO2EXT+PHEXT+PRAD+PRGINT,133317,10,ok,{}
PSF,cardinality=4|subset=PCO2EXT+PHEXT+PRAD+XHINV,133317,10,ok,{}
PSF,cardinality=4|subset=PCO2EXT+PHEXT+PRAD+XTINV,133317,10,ok,{}
PSF,cardinality=4|subset=PCO2EXT+PHEXT+PTEXT+PVV,133317,10,ok,{}
PSF,cardinality=4|subset=PCO2EXT+PHEXT+PTEXT+XCO2I,133317,10,ok,{}
PSF,cardinality=4|subset=PCO2EXT+PHEXT+PTEXT+PRGINT,133317,10,ok,{}
PSF,cardinality=4|subset=PCO2EXT+PHEXT+PTEXT+XHINV,133317,10,ok,{}
PSF,cardinality=4|subset=PCO2EXT+PHEXT+PTEXT+XTINV,133317,10,ok,{}
PSF,cardinality=4|subset=PCO2EXT+PHEXT+PVV+XCO2I,133317,10,ok,{}
PSF,cardinality=4|subset=PCO2EXT+PHEXT+PVV+PRGINT,133317,10,ok,{}
PSF,cardinality=4|subset=PCO2EXT+PHEXT+PVV+XHINV,133317,10,ok,{}
PSF,cardinality=4|subset=PCO2EXT+PHEXT+PVV+XTINV,133317,10,ok,{}
PSF,cardinality=4|subset=PCO2EXT+PHEXT+XCO2I+PRGINT,133317,10,ok,{}
PSF,cardinality=4|subset=PCO2EXT+PHEXT+XCO2I+XHINV,133317,10,ok,{}
PSF,cardinality=4|subset=PCO2EXT+PHEXT+XCO2I+XTINV,133317,10,ok,{}
PSF,cardinality=4|subset=PCO2EXT+PHEXT+PRGINT+XHINV,133317,10,ok,{}
PSF,cardinality=4|subset=PCO2EXT+PHEXT+PRGINT+XTINV,133317,10,ok,{}
PSF,cardinality=4|subset=PCO2EXT+PHEXT+XHINV+XTINV,133317,10,ok,{}
PSF,cardinality=4|subset=PCO2EXT+PRAD+PTEXT+PVV,133317,10,ok,{}
PSF,cardinality=4|subset=PCO2EXT+PRAD+PTEXT+XCO2I,133317,10,ok,{}
PSF,cardinality=4|subset=PCO2EXT+PRAD+PTEXT+PRGINT,133317,10,ok,{}
PSF,cardinality=4|subset=PCO2EXT+PRAD+PTEXT+XHINV,133317,10,ok,{}
PSF,cardinality=4|subset=PCO2EXT+PRAD+PTEXT+XTINV,133317,10,ok,{}
PSF,cardinality=4|subset=PCO2EXT+PRAD+PVV+XCO2I,133317,10,ok,{}
PSF,cardinality=4|subset=PCO2EXT+PRAD+PVV+PRGINT,133317,10,ok,{}
PSF,cardinality=4|subset=PCO2EXT+PRAD+PVV+XHINV,133317,10,ok,{}
PSF,cardinality=4|subset=PCO2EXT+PRAD+PVV+XTINV,133317,10,ok,{}
PSF,cardinality=4|subset=PCO2EXT+PRAD+XCO2I+PRGINT,133317,10,ok,{}
PSF,cardinality=4|subset=PCO2EXT+PRAD+XCO2I+XHINV,133317,10,ok,{}
PSF,cardinality=4|subset=PCO2EXT+PRAD+XCO2I+XTINV,133317,10,ok,{}
PSF,cardinality=4|subset=PCO2EXT+PRAD+PRGINT+XHINV,133317,10,ok,{}
PSF,cardinality=4|subset=PCO2EXT+PRAD+PRGINT+XTINV,133317,10,ok,{}
PSF,cardinality=4|subset=PCO2EXT+PRAD+XHINV+XTINV,133317,10,ok,{}
PSF,cardinality=4|subset=PCO2EXT+PTEXT+PVV+XCO2I,133317,10,ok,{}
PSF,cardinality=4|subset=PCO2EXT+PTEXT+PVV+PRGINT,133317,10,ok,{}
PSF,cardinality=4|subset=PCO2EXT+PTEXT+PVV+XHINV,133317,10,ok,{}
PSF,cardinality=4|subset=PCO2EXT+PTEXT+PVV+XTINV,133317,10,ok,{}
PSF,cardinality=4|subset=PCO2EXT+PTEXT+XCO2I+PRGINT,133317,10,ok,{}
PSF,cardinality=4|subset=PCO2EXT+PTEXT+XCO2I+XHINV,133317,10,ok,{}
PSF,cardinality=4|subset=PCO2EXT+PTEXT+XCO2I+XTINV,133317,10,ok,{}
PSF,cardinality=4|subset=PCO2EXT+PTEXT+PRGINT+XHINV,133317,10,ok,{}
PSF,cardinality=4|subset=PCO2EXT+PTEXT+PRGINT+XTINV,133317,10,ok,{}
PSF,cardinality=4|subset=PCO2EXT+PTEXT+XHINV+XTINV,133317,10,ok,{}
PSF,cardinality=4|subset=PCO2EXT+PVV+XCO2I+PRGINT,133317,10,ok,{}
PSF,cardinality=4|subset=PCO2EXT+PVV+XCO2I+XHINV,133317,10,ok,{}
PSF,cardinality=4|subset=PCO2EXT+PVV+XCO2I+XTINV,133317,10,ok,{}
PSF,cardinality=4|subset=PCO2EXT+PVV+PRGINT+XHINV,133317,10,ok,{}
PSF,cardinality=4|subset=PCO2EXT+PVV+PRGINT+XTINV,133317,10,ok,{}
PSF,cardinality=4|subset=PCO2EXT+PVV+XHINV+XTINV,133317,10,ok,{}
PSF,cardinality=4|subset=PCO2EXT+XCO2I+PRGINT+XHINV,133317,10,ok,{}
PSF,cardinality=4|subset=PCO2EXT+XCO2I+PRGINT+XTINV,133317,10,ok,{}
PSF,cardinality=4|subset=PCO2EXT+XCO2I+XHINV+XTINV,133317,10,ok,{}
PSF,cardinality=4|subset=PCO2EXT+PRGINT+XHINV+XTINV,133317,10,ok,{}
PSF,cardinality=4|subset=PHEXT+PRAD+PTEXT+PVV,133317,10,ok,{}
PSF,cardinality=4|subset=PHEXT+PRAD+PTEXT+XCO2I,133317,10,ok,{}
PSF,cardinality=4|subset=PHEXT+PRAD+PTEXT+PRGINT,133317,10,ok,{}
PSF,cardinality=4|subset=PHEXT+PRAD+PTEXT+XHINV,133317,10,ok,{}
PSF,cardinality=4|subset=PHEXT+PRAD+PTEXT+XTINV,133317,10,ok,{}
PSF,cardinality=4|subset=PHEXT+PRAD+PVV+XCO2I,133317,10,ok,{}
PSF,cardinality=4|subset=PHEXT+PRAD+PVV+PRGINT,133317,10,ok,{}
PSF,cardinality=4|subset=PHEXT+PRAD+PVV+XHINV,133317,10,ok,{}
PSF,cardinality=4|subset=PHEXT+PRAD+PVV+XTINV,133317,10,ok,{}
PSF,cardinality=4|subset=PHEXT+PRAD+XCO2I+PRGINT,133317,10,ok,{}
PSF,cardinality=4|subset=PHEXT+PRAD+XCO2I+XHINV,133317,10,ok,{}
PSF,cardinality=4|subset=PHEXT+PRAD+XCO2I+XTINV,133317,10,ok,{}
PSF,cardinality=4|subset=PHEXT+PRAD+PRGINT+XHINV,133317,10,ok,{}
PSF,cardinality=4|subset=PHEXT+PRAD+PRGINT+XTINV,133317,10,ok,{}
PSF,cardinality=4|subset=PHEXT+PRAD+XHINV+XTINV,133317,10,ok,{}
PSF,cardinality=4|subset=PHEXT+PTEXT+PVV+XCO2I,133317,10,ok,{}
PSF,cardinality=4|subset=PHEXT+PTEXT+PVV+PRGINT,133317,10,ok,{}
PSF,cardinality=4|subset=PHEXT+PTEXT+PVV+XHINV,133317,10,ok,{}
PSF,cardinality=4|subset=PHEXT+PTEXT+PVV+XTINV,133317,10,ok,{}
PSF,cardinality=4|subset=PHEXT+PTEXT+XCO2I+PRGINT,133317,10,ok,{}
PSF,cardinality=4|subset=PHEXT+PTEXT+XCO2I+XHINV,133317,10,ok,{}
PSF,cardinality=4|subset=PHEXT+PTEXT+XCO2I+XTINV,133317,10,ok,{}
PSF,cardinality=4|subset=PHEXT+PTEXT+PRGINT+XHINV,133317,10,ok,{}
PSF,cardinality=4|subset=PHEXT+PTEXT+PRGINT+XTINV,133317,10,ok,{}
PSF,cardinality=4|subset=PHEXT+PTEXT+XHINV+XTINV,133317,10,ok,{}
PSF,cardinality=4|subset=PHEXT+PVV+XCO2I+PRGINT,133317,10,ok,{}
PSF,cardinality=4|subset=PHEXT+PVV+XCO2I+XHINV,133317,10,ok,{}
PSF,cardinality=4|subset=PHEXT+PVV+XCO2I+XTINV,133317,10,ok,{}
PSF,cardinality=4|subset=PHEXT+PVV+PRGINT+XHINV,133317,10,ok,{}
PSF,cardinality=4|subset=PHEXT+PVV+PRGINT+XTINV,133317,10,ok,{}
PSF,cardinality=4|subset=PHEXT+PVV+XHINV+XTINV,133317,10,ok,{}
PSF,cardinality=4|subset=PHEXT+XCO2I+PRGINT+XHINV,133317,10,ok,{}
PSF,cardinality=4|subset=PHEXT+XCO2I+PRGINT+XTINV,133317,10,ok,{}
PSF,cardinality=4|subset=PHEXT+XCO2I+XHINV+XTINV,133317,10,ok,{}
PSF,cardinality=4|subset=PHEXT+PRGINT+XHINV+XTINV,133317,10,ok,{}
PSF,cardinality=4|subset=PRAD+PTEXT+PVV+XCO2I,133317,10,ok,{}
PSF,cardinality=4|subset=PRAD+PTEXT+PVV+PRGINT,133317,10,ok,{}
PSF,cardinality=4|subset=PRAD+PTEXT+PVV+XHINV,133317,10,ok,{}
PSF,cardinality=4|subset=PRAD+PTEXT+PVV+XTINV,133317,10,ok,{}
PSF,cardinality=4|subset=PRAD+PTEXT+XCO2I+PRGINT,133317,10,ok,{}
PSF,cardinality=4|subset=PRAD+PTEXT+XCO2I+XHINV,133317,10,ok,{}
PSF,cardinality=4|subset=PRAD+PTEXT+XCO2I+XTINV,133317,10,ok,{}
PSF,cardinality=4|subset=PRAD+PTEXT+PRGINT+XHINV,133317,10,ok,{}
PSF,cardinality=4|subset=PRAD+PTEXT+PRGINT+XTINV,133317,10,ok,{}
PSF,cardinality=4|subset=PRAD+PTEXT+XHINV+XTINV,133317,10,ok,{}
PSF,cardinality=4|subset=PRAD+PVV+XCO2I+PRGINT,133317,10,ok,{}
PSF,cardinality=4|subset=PRAD+PVV+XCO2I+XHINV,133317,10,ok,{}
PSF,cardinality=4|subset=PRAD+PVV+XCO2I+XTINV,133317,10,ok,{}
PSF,cardinality=4|subset=PRAD+PVV+PRGINT+XHINV,133317,10,ok,{}
PSF,cardinality=4|subset=PRAD+PVV+PRGINT+XTINV,133317,10,ok,{}
PSF,cardinality=4|subset=PRAD+PVV+XHINV+XTINV,133317,10,ok,{}
PSF,cardinality=4|subset=PRAD+XCO2I+PRGINT+XHINV,133317,10,ok,{}
PSF,cardinality=4|subset=PRAD+XCO2I+PRGINT+XTINV,133317,10,ok,{}
PSF,cardinality=4|subset=PRAD+XCO2I+XHINV+XTINV,133317,10,ok,{}
PSF,cardinality=4|subset=PRAD+PRGINT+XHINV+XTINV,133317,10,ok,{}
PSF,cardinality=4|subset=PTEXT+PVV+XCO2I+PRGINT,133317,10,ok,{}
PSF,cardinality=4|subset=PTEXT+PVV+XCO2I+XHINV,133317,10,ok,{}
PSF,cardinality=4|subset=PTEXT+PVV+XCO2I+XTINV,133317,10,ok,{}
PSF,cardinality=4|subset=PTEXT+PVV+PRGINT+XHINV,133317,10,ok,{}
PSF,cardinality=4|subset=PTEXT+PVV+PRGINT+XTINV,133317,10,ok,{}
PSF,cardinality=4|subset=PTEXT+PVV+XHINV+XTINV,133317,10,ok,{}
PSF,cardinality=4|subset=PTEXT+XCO2I+PRGINT+XHINV,133317,10,ok,{}
PSF,cardinality=4|subset=PTEXT+XCO2I+PRGINT+XTINV,133317,10,ok,{}
PSF,cardinality=4|subset=PTEXT+XCO2I+XHINV+XTINV,133317,10,ok,{}
PSF,cardinality=4|subset=PTEXT+PRGINT+XHINV+XTINV,133317,10,ok,{}
PSF,cardinality=4|subset=PVV+XCO2I+PRGINT+XHINV,133317,10,ok,{}
PSF,cardinality=4|subset=PVV+XCO2I+PRGINT+XTINV,133317,10,ok,{}
PSF,cardinality=4|subset=PVV+XCO2I+XHINV+XTINV,133317,10,ok,{}
PSF,cardinality=4|subset=PVV+PRGINT+XHINV+XTINV,133317,10,ok,{}
PSF,cardinality=4|subset=XCO2I+PRGINT+XHINV+XTINV,133317,10,ok,{}
PSF,cardinality=5|subset=PCO2EXT+PHEXT+PRAD+PTEXT+PVV,133317,10,ok,{}
PSF,cardinality=5|subset=PCO2EXT+PHEXT+PRAD+PTEXT+XCO2I,133317,10,ok,{}
PSF,cardinality=5|subset=PCO2EXT+PHEXT+PRAD+PTEXT+PRGINT,133317,10,ok,{}
PSF,cardinality=5|subset=PCO2EXT+PHEXT+PRAD+PTEXT+XHINV,133317,10,ok,{}
PSF,cardinality=5|subset=PCO2EXT+PHEXT+PRAD+PTEXT+XTINV,133317,10,ok,{}
PSF,cardinality=5|subset=PCO2EXT+PHEXT+PRAD+PVV+XCO2I,133317,10,ok,{}
PSF,cardinality=5|subset=PCO2EXT+PHEXT+PRAD+PVV+PRGINT,133317,10,ok,{}
PSF,cardinality=5|subset=PCO2EXT+PHEXT+PRAD+PVV+XHINV,133317,10,ok,{}
PSF,cardinality=5|subset=PCO2EXT+PHEXT+PRAD+PVV+XTINV,133317,10,ok,{}
PSF,cardinality=5|subset=PCO2EXT+PHEXT+PRAD+XCO2I+PRGINT,133317,10,ok,{}
PSF,cardinality=5|subset=PCO2EXT+PHEXT+PRAD+XCO2I+XHINV,133317,10,ok,{}
PSF,cardinality=5|subset=PCO2EXT+PHEXT+PRAD+XCO2I+XTINV,133317,10,ok,{}
PSF,cardinality=5|subset=PCO2EXT+PHEXT+PRAD+PRGINT+XHINV,133317,10,ok,{}
PSF,cardinality=5|subset=PCO2EXT+PHEXT+PRAD+PRGINT+XTINV,133317,10,ok,{}
PSF,cardinality=5|subset=PCO2EXT+PHEXT+PRAD+XHINV+XTINV,133317,10,ok,{}
PSF,cardinality=5|subset=PCO2EXT+PHEXT+PTEXT+PVV+XCO2I,133317,10,ok,{}
PSF,cardinality=5|subset=PCO2EXT+PHEXT+PTEXT+PVV+PRGINT,133317,10,ok,{}
PSF,cardinality=5|subset=PCO2EXT+PHEXT+PTEXT+PVV+XHINV,133317,10,ok,{}
PSF,cardinality=5|subset=PCO2EXT+PHEXT+PTEXT+PVV+XTINV,133317,10,ok,{}
PSF,cardinality=5|subset=PCO2EXT+PHEXT+PTEXT+XCO2I+PRGINT,133317,10,ok,{}
PSF,cardinality=5|subset=PCO2EXT+PHEXT+PTEXT+XCO2I+XHINV,133317,10,ok,{}
PSF,cardinality=5|subset=PCO2EXT+PHEXT+PTEXT+XCO2I+XTINV,133317,10,ok,{}
PSF,cardinality=5|subset=PCO2EXT+PHEXT+PTEXT+PRGINT+XHINV,133317,10,ok,{}
PSF,cardinality=5|subset=PCO2EXT+PHEXT+PTEXT+PRGINT+XTINV,133317,10,ok,{}
PSF,cardinality=5|subset=PCO2EXT+PHEXT+PTEXT+XHINV+XTINV,133317,10,ok,{}
PSF,cardinality=5|subset=PCO2EXT+PHEXT+PVV+XCO2I+PRGINT,133317,10,ok,{}
PSF,cardinality=5|subset=PCO2EXT+PHEXT+PVV+XCO2I+XHINV,133317,10,ok,{}
PSF,cardinality=5|subset=PCO2EXT+PHEXT+PVV+XCO2I+XTINV,133317,10,ok,{}
PSF,cardinality=5|subset=PCO2EXT+PHEXT+PVV+PRGINT+XHINV,133317,10,ok,{}
PSF,cardinality=5|subset=PCO2EXT+PHEXT+PVV+PRGINT+XTINV,133317,10,ok,{}
PSF,cardinality=5|subset=PCO2EXT+PHEXT+PVV+XHINV+XTINV,133317,10,ok,{}
PSF,cardinality=5|subset=PCO2EXT+PHEXT+XCO2I+PRGINT+XHINV,133317,10,ok,{}
PSF,cardinality=5|subset=PCO2EXT+PHEXT+XCO2I+PRGINT+XTINV,133317,10,ok,{}
PSF,cardinality=5|subset=PCO2EXT+PHEXT+XCO2I+XHINV+XTINV,133317,10,ok,{}
PSF,cardinality=5|subset=PCO2EXT+PHEXT+PRGINT+XHINV+XTINV,133317,10,ok,{}
PSF,cardinality=5|subset=PCO2EXT+PRAD+PTEXT+PVV+XCO2I,133317,10,ok,{}
PSF,cardinality=5|subset=PCO2EXT+PRAD+PTEXT+PVV+PRGINT,133317,10,ok,{}
PSF,cardinality=5|subset=PCO2EXT+PRAD+PTEXT+PVV+XHINV,133317,10,ok,{}
PSF,cardinality=5|subset=PCO2EXT+PRAD+PTEXT+PVV+XTINV,133317,10,ok,{}
PSF,cardinality=5|subset=PCO2EXT+PRAD+PTEXT+XCO2I+PRGINT,133317,10,ok,{}
PSF,cardinality=5|subset=PCO2EXT+PRAD+PTEXT+XCO2I+XHINV,133317,10,ok,{}
PSF,cardinality=5|subset=PCO2EXT+PRAD+PTEXT+XCO2I+XTINV,133317,10,ok,{}
PSF,cardinality=5|subset=PCO2EXT+PRAD+PTEXT+PRGINT+XHINV,133317,10,ok,{}
PSF,cardinality=5|subset=PCO2EXT+PRAD+PTEXT+PRGINT+XTINV,133317,10,ok,{}
PSF,cardinality=5|subset=PCO2EXT+PRAD+PTEXT+XHINV+XTINV,133317,10,ok,{}
PSF,cardinality=5|subset=PCO2EXT+PRAD+PVV+XCO2I+PRGINT,133317,10,ok,{}
PSF,cardinality=5|subset=PCO2EXT+PRAD+PVV+XCO2I+XHINV,133317,10,ok,{}
PSF,cardinality=5|subset=PCO2EXT+PRAD+PVV+XCO2I+XTINV,133317,10,ok,{}
PSF,cardinality=5|subset=PCO2EXT+PRAD+PVV+PRGINT+XHINV,133317,10,ok,{}
PSF,cardinality=5|subset=PCO2EXT+PRAD+PVV+PRGINT+XTINV,133317,10,ok,{}
PSF,cardinality=5|subset=PCO2EXT+PRAD+PVV+XHINV+XTINV,133317,10,ok,{}
PSF,cardinality=5|subset=PCO2EXT+PRAD+XCO2I+PRGINT+XHINV,133317,10,ok,{}
PSF,cardinality=5|subset=PCO2EXT+PRAD+XCO2I+PRGINT+XTINV,133317,10,ok,{}
PSF,cardinality=5|subset=PCO2EXT+PRAD+XCO2I+XHINV+XTINV,133317,10,ok,{}
PSF,cardinality=5|subset=PCO2EXT+PRAD+PRGINT+XHINV+XTINV,133317,10,ok,{}
PSF,cardinality=5|subset=PCO2EXT+PTEXT+PVV+XCO2I+PRGINT,133317,10,ok,{}
PSF,cardinality=5|subset=PCO2EXT+PTEXT+PVV+XCO2I+XHINV,133317,10,ok,{}
PSF,cardinality=5|subset=PCO2EXT+PTEXT+PVV+XCO2I+XTINV,133317,10,ok,{}
PSF,cardinality=5|subset=PCO2EXT+PTEXT+PVV+PRGINT+XHINV,133317,10,ok,{}
PSF,cardinality=5|subset=PCO2EXT+PTEXT+PVV+PRGINT+XTINV,133317,10,ok,{}
PSF,cardinality=5|subset=PCO2EXT+PTEXT+PVV+XHINV+XTINV,133317,10,ok,{}
PSF,cardinality=5|subset=PCO2EXT+PTEXT+XCO2I+PRGINT+XHINV,133317,10,ok,{}
PSF,cardinality=5|subset=PCO2EXT+PTEXT+XCO2I+PRGINT+XTINV,133317,10,ok,{}
PSF,cardinality=5|subset=PCO2EXT+PTEXT+XCO2I+XHINV+XTINV,133317,10,ok,{}
PSF,cardinality=5|subset=PCO2EXT+PTEXT+PRGINT+XHINV+XTINV,133317,10,ok,{}
PSF,cardinality=5|subset=PCO2EXT+PVV+XCO2I+PRGINT+XHINV,133317,10,ok,{}
PSF,cardinality=5|subset=PCO2EXT+PVV+XCO2I+PRGINT+XTINV,133317,10,ok,{}
PSF,cardinality=5|subset=PCO2EXT+PVV+XCO2I+XHINV+XTINV,133317,10,ok,{}
PSF,cardinality=5|subset=PCO2EXT+PVV+PRGINT+XHINV+XTINV,133317,10,ok,{}
PSF,cardinality=5|subset=PCO2EXT+XCO2I+PRGINT+XHINV+XTINV,133317,10,ok,{}
PSF,cardinality=5|subset=PHEXT+PRAD+PTEXT+PVV+XCO2I,133317,10,ok,{}
PSF,cardinality=5|subset=PHEXT+PRAD+PTEXT+PVV+PRGINT,133317,10,ok,{}
PSF,cardinality=5|subset=PHEXT+PRAD+PTEXT+PVV+XHINV,133317,10,ok,{}
PSF,cardinality=5|subset=PHEXT+PRAD+PTEXT+PVV+XTINV,133317,10,ok,{}
PSF,cardinality=5|subset=PHEXT+PRAD+PTEXT+XCO2I+PRGINT,133317,10,ok,{}
PSF,cardinality=5|subset=PHEXT+PRAD+PTEXT+XCO2I+XHINV,133317,10,ok,{}
PSF,cardinality=5|subset=PHEXT+PRAD+PTEXT+XCO2I+XTINV,133317,10,ok,{}
PSF,cardinality=5|subset=PHEXT+PRAD+PTEXT+PRGINT+XHINV,133317,10,ok,{}
PSF,cardinality=5|subset=PHEXT+PRAD+PTEXT+PRGINT+XTINV,133317,10,ok,{}
PSF,cardinality=5|subset=PHEXT+PRAD+PTEXT+XHINV+XTINV,133317,10,ok,{}
PSF,cardinality=5|subset=PHEXT+PRAD+PVV+XCO2I+PRGINT,133317,10,ok,{}
PSF,cardinality=5|subset=PHEXT+PRAD+PVV+XCO2I+XHINV,133317,10,ok,{}
PSF,cardinality=5|subset=PHEXT+PRAD+PVV+XCO2I+XTINV,133317,10,ok,{}
PSF,cardinality=5|subset=PHEXT+PRAD+PVV+PRGINT+XHINV,133317,10,ok,{}
PSF,cardinality=5|subset=PHEXT+PRAD+PVV+PRGINT+XTINV,133317,10,ok,{}
PSF,cardinality=5|subset=PHEXT+PRAD+PVV+XHINV+XTINV,133317,10,ok,{}
PSF,cardinality=5|subset=PHEXT+PRAD+XCO2I+PRGINT+XHINV,133317,10,ok,{}
PSF,cardinality=5|subset=PHEXT+PRAD+XCO2I+PRGINT+XTINV,133317,10,ok,{}
PSF,cardinality=5|subset=PHEXT+PRAD+XCO2I+XHINV+XTINV,133317,10,ok,{}
PSF,cardinality=5|subset=PHEXT+PRAD+PRGINT+XHINV+XTINV,133317,10,ok,{}
PSF,cardinality=5|subset=PHEXT+PTEXT+PVV+XCO2I+PRGINT,133317,10,ok,{}
PSF,cardinality=5|subset=PHEXT+PTEXT+PVV+XCO2I+XHINV,133317,10,ok,{}
PSF,cardinality=5|subset=PHEXT+PTEXT+PVV+XCO2I+XTINV,133317,10,ok,{}
PSF,cardinality=5|subset=PHEXT+PTEXT+PVV+PRGINT+XHINV,133317,10,ok,{}
PSF,cardinality=5|subset=PHEXT+PTEXT+PVV+PRGINT+XTINV,133317,10,ok,{}
PSF,cardinality=5|subset=PHEXT+PTEXT+PVV+XHINV+XTINV,133317,10,ok,{}
PSF,cardinality=5|subset=PHEXT+PTEXT+XCO2I+PRGINT+XHINV,133317,10,ok,{}
PSF,cardinality=5|subset=PHEXT+PTEXT+XCO2I+PRGINT+XTINV,133317,10,ok,{}
PSF,cardinality=5|subset=PHEXT+PTEXT+XCO2I+XHINV+XTINV,133317,10,ok,{}
PSF,cardinality=5|subset=PHEXT+PTEXT+PRGINT+XHINV+XTINV,133317,10,ok,{}
PSF,cardinality=5|subset=PHEXT+PVV+XCO2I+PRGINT+XHINV,133317,10,ok,{}
PSF,cardinality=5|subset=PHEXT+PVV+XCO2I+PRGINT+XTINV,133317,10,ok,{}
PSF,cardinality=5|subset=PHEXT+PVV+XCO2I+XHINV+XTINV,133317,10,ok,{}
PSF,cardinality=5|subset=PHEXT+PVV+PRGINT+XHINV+XTINV,133317,10,ok,{}
PSF,cardinality=5|subset=PHEXT+XCO2I+PRGINT+XHINV+XTINV,133317,10,ok,{}
PSF,cardinality=5|subset=PRAD+PTEXT+PVV+XCO2I+PRGINT,133317,10,ok,{}
PSF,cardinality=5|subset=PRAD+PTEXT+PVV+XCO2I+XHINV,133317,10,ok,{}
PSF,cardinality=5|subset=PRAD+PTEXT+PVV+XCO2I+XTINV,133317,10,ok,{}
PSF,cardinality=5|subset=PRAD+PTEXT+PVV+PRGINT+XHINV,133317,10,ok,{}
PSF,cardinality=5|subset=PRAD+PTEXT+PVV+PRGINT+XTINV,133317,10,ok,{}
PSF,cardinality=5|subset=PRAD+PTEXT+PVV+XHINV+XTINV,133317,10,ok,{}
PSF,cardinality=5|subset=PRAD+PTEXT+XCO2I+PRGINT+XHINV,133317,10,ok,{}
PSF,cardinality=5|subset=PRAD+PTEXT+XCO2I+PRGINT+XTINV,133317,10,ok,{}
PSF,cardinality=5|subset=PRAD+PTEXT+XCO2I+XHINV+XTINV,133317,10,ok,{}
PSF,cardinality=5|subset=PRAD+PTEXT+PRGINT+XHINV+XTINV,133317,10,ok,{}
PSF,cardinality=5|subset=PRAD+PVV+XCO2I+PRGINT+XHINV,133317,10,ok,{}
PSF,cardinality=5|subset=PRAD+PVV+XCO2I+PRGINT+XTINV,133317,10,ok,{}
PSF,cardinality=5|subset=PRAD+PVV+XCO2I+XHINV+XTINV,133317,10,ok,{}
PSF,cardinality=5|subset=PRAD+PVV+PRGINT+XHINV+XTINV,133317,10,ok,{}
PSF,cardinality=5|subset=PRAD+XCO2I+PRGINT+XHINV+XTINV,133317,10,ok,{}
PSF,cardinality=5|subset=PTEXT+PVV+XCO2I+PRGINT+XHINV,133317,10,ok,{}
PSF,cardinality=5|subset=PTEXT+PVV+XCO2I+PRGINT+XTINV,133317,10,ok,{}
PSF,cardinality=5|subset=PTEXT+PVV+XCO2I+XHINV+XTINV,133317,10,ok,{}
PSF,cardinality=5|subset=PTEXT+PVV+PRGINT+XHINV+XTINV,133317,10,ok,{}
PSF,cardinality=5|subset=PTEXT+XCO2I+PRGINT+XHINV+XTINV,133317,10,ok,{}
PSF,cardinality=5|subset=PVV+XCO2I+PRGINT+XHINV+XTINV,133317,10,ok,{}
PSF,cardinality=6|subset=PCO2EXT+PHEXT+PRAD+PTEXT+PVV+XCO2I,133317,10,ok,{}
PSF,cardinality=6|subset=PCO2EXT+PHEXT+PRAD+PTEXT+PVV+PRGINT,133317,10,ok,{}
PSF,cardinality=6|subset=PCO2EXT+PHEXT+PRAD+PTEXT+PVV+XHINV,133317,10,ok,{}
PSF,cardinality=6|subset=PCO2EXT+PHEXT+PRAD+PTEXT+PVV+XTINV,133317,10,ok,{}
PSF,cardinality=6|subset=PCO2EXT+PHEXT+PRAD+PTEXT+XCO2I+PRGINT,133317,10,ok,{}
PSF,cardinality=6|subset=PCO2EXT+PHEXT+PRAD+PTEXT+XCO2I+XHINV,133317,10,ok,{}
PSF,cardinality=6|subset=PCO2EXT+PHEXT+PRAD+PTEXT+XCO2I+XTINV,133317,10,ok,{}
PSF,cardinality=6|subset=PCO2EXT+PHEXT+PRAD+PTEXT+PRGINT+XHINV,133317,10,ok,{}
PSF,cardinality=6|subset=PCO2EXT+PHEXT+PRAD+PTEXT+PRGINT+XTINV,133317,10,ok,{}
PSF,cardinality=6|subset=PCO2EXT+PHEXT+PRAD+PTEXT+XHINV+XTINV,133317,10,ok,{}
PSF,cardinality=6|subset=PCO2EXT+PHEXT+PRAD+PVV+XCO2I+PRGINT,133317,10,ok,{}
PSF,cardinality=6|subset=PCO2EXT+PHEXT+PRAD+PVV+XCO2I+XHINV,133317,10,ok,{}
PSF,cardinality=6|subset=PCO2EXT+PHEXT+PRAD+PVV+XCO2I+XTINV,133317,10,ok,{}
PSF,cardinality=6|subset=PCO2EXT+PHEXT+PRAD+PVV+PRGINT+XHINV,133317,10,ok,{}
PSF,cardinality=6|subset=PCO2EXT+PHEXT+PRAD+PVV+PRGINT+XTINV,133317,10,ok,{}
PSF,cardinality=6|subset=PCO2EXT+PHEXT+PRAD+PVV+XHINV+XTINV,133317,10,ok,{}
PSF,cardinality=6|subset=PCO2EXT+PHEXT+PRAD+XCO2I+PRGINT+XHINV,133317,10,ok,{}
PSF,cardinality=6|subset=PCO2EXT+PHEXT+PRAD+XCO2I+PRGINT+XTINV,133317,10,ok,{}
PSF,cardinality=6|subset=PCO2EXT+PHEXT+PRAD+XCO2I+XHINV+XTINV,133317,10,ok,{}
PSF,cardinality=6|subset=PCO2EXT+PHEXT+PRAD+PRGINT+XHINV+XTINV,133317,10,ok,{}
PSF,cardinality=6|subset=PCO2EXT+PHEXT+PTEXT+PVV+XCO2I+PRGINT,133317,10,ok,{}
PSF,cardinality=6|subset=PCO2EXT+PHEXT+PTEXT+PVV+XCO2I+XHINV,133317,10,ok,{}
PSF,cardinality=6|subset=PCO2EXT+PHEXT+PTEXT+PVV+XCO2I+XTINV,133317,10,ok,{}
PSF,cardinality=6|subset=PCO2EXT+PHEXT+PTEXT+PVV+PRGINT+XHINV,133317,10,ok,{}
PSF,cardinality=6|subset=PCO2EXT+PHEXT+PTEXT+PVV+PRGINT+XTINV,133317,10,ok,{}
PSF,cardinality=6|subset=PCO2EXT+PHEXT+PTEXT+PVV+XHINV+XTINV,133317,10,ok,{}
PSF,cardinality=6|subset=PCO2EXT+PHEXT+PTEXT+XCO2I+PRGINT+XHINV,133317,10,ok,{}
PSF,cardinality=6|subset=PCO2EXT+PHEXT+PTEXT+XCO2I+PRGINT+XTINV,133317,10,ok,{}
PSF,cardinality=6|subset=PCO2EXT+PHEXT+PTEXT+XCO2I+XHINV+XTINV,133317,10,ok,{}
PSF,cardinality=6|subset=PCO2EXT+PHEXT+PTEXT+PRGINT+XHINV+XTINV,133317,10,ok,{}
PSF,cardinality=6|subset=PCO2EXT+PHEXT+PVV+XCO2I+PRGINT+XHINV,133317,10,ok,{}
PSF,cardinality=6|subset=PCO2EXT+PHEXT+PVV+XCO2I+PRGINT+XTINV,133317,10,ok,{}
PSF,cardinality=6|subset=PCO2EXT+PHEXT+PVV+XCO2I+XHINV+XTINV,133317,10,ok,{}
PSF,cardinality=6|subset=PCO2EXT+PHEXT+PVV+PRGINT+XHINV+XTINV,133317,10,ok,{}
PSF,cardinality=6|subset=PCO2EXT+PHEXT+XCO2I+PRGINT+XHINV+XTINV,133317,10,ok,{}
PSF,cardinality=6|subset=PCO2EXT+PRAD+PTEXT+PVV+XCO2I+PRGINT,133317,10,ok,{}
PSF,cardinality=6|subset=PCO2EXT+PRAD+PTEXT+PVV+XCO2I+XHINV,133317,10,ok,{}
PSF,cardinality=6|subset=PCO2EXT+PRAD+PTEXT+PVV+XCO2I+XTINV,133317,10,ok,{}
PSF,cardinality=6|subset=PCO2EXT+PRAD+PTEXT+PVV+PRGINT+XHINV,133317,10,ok,{}
PSF,cardinality=6|subset=PCO2EXT+PRAD+PTEXT+PVV+PRGINT+XTINV,133317,10,ok,{}
PSF,cardinality=6|subset=PCO2EXT+PRAD+PTEXT+PVV+XHINV+XTINV,133317,10,ok,{}
PSF,cardinality=6|subset=PCO2EXT+PRAD+PTEXT+XCO2I+PRGINT+XHINV,133317,10,ok,{}
PSF,cardinality=6|subset=PCO2EXT+PRAD+PTEXT+XCO2I+PRGINT+XTINV,133317,10,ok,{}
PSF,cardinality=6|subset=PCO2EXT+PRAD+PTEXT+XCO2I+XHINV+XTINV,133317,10,ok,{}
PSF,cardinality=6|subset=PCO2EXT+PRAD+PTEXT+PRGINT+XHINV+XTINV,133317,10,ok,{}
PSF,cardinality=6|subset=PCO2EXT+PRAD+PVV+XCO2I+PRGINT+XHINV,133317,10,ok,{}
PSF,cardinality=6|subset=PCO2EXT+PRAD+PVV+XCO2I+PRGINT+XTINV,133317,10,ok,{}
PSF,cardinality=6|subset=PCO2EXT+PRAD+PVV+XCO2I+XHINV+XTINV,133317,10,ok,{}
PSF,cardinality=6|subset=PCO2EXT+PRAD+PVV+PRGINT+XHINV+XTINV,133317,10,ok,{}
PSF,cardinality=6|subset=PCO2EXT+PRAD+XCO2I+PRGINT+XHINV+XTINV,133317,10,ok,{}
PSF,cardinality=6|subset=PCO2EXT+PTEXT+PVV+XCO2I+PRGINT+XHINV,133317,10,ok,{}
PSF,cardinality=6|subset=PCO2EXT+PTEXT+PVV+XCO2I+PRGINT+XTINV,133317,10,ok,{}
PSF,cardinality=6|subset=PCO2EXT+PTEXT+PVV+XCO2I+XHINV+XTINV,133317,10,ok,{}
PSF,cardinality=6|subset=PCO2EXT+PTEXT+PVV+PRGINT+XHINV+XTINV,133317,10,ok,{}
PSF,cardinality=6|subset=PCO2EXT+PTEXT+XCO2I+PRGINT+XHINV+XTINV,133317,10,ok,{}
PSF,cardinality=6|subset=PCO2EXT+PVV+XCO2I+PRGINT+XHINV+XTINV,133317,10,ok,{}
PSF,cardinality=6|subset=PHEXT+PRAD+PTEXT+PVV+XCO2I+PRGINT,133317,10,ok,{}
PSF,cardinality=6|subset=PHEXT+PRAD+PTEXT+PVV+XCO2I+XHINV,133317,10,ok,{}
PSF,cardinality=6|subset=PHEXT+PRAD+PTEXT+PVV+XCO2I+XTINV,133317,10,ok,{}
PSF,cardinality=6|subset=PHEXT+PRAD+PTEXT+PVV+PRGINT+XHINV,133317,10,ok,{}
PSF,cardinality=6|subset=PHEXT+PRAD+PTEXT+PVV+PRGINT+XTINV,133317,10,ok,{}
PSF,cardinality=6|subset=PHEXT+PRAD+PTEXT+PVV+XHINV+XTINV,133317,10,ok,{}
PSF,cardinality=6|subset=PHEXT+PRAD+PTEXT+XCO2I+PRGINT+XHINV,133317,10,ok,{}
PSF,cardinality=6|subset=PHEXT+PRAD+PTEXT+XCO2I+PRGINT+XTINV,133317,10,ok,{}
PSF,cardinality=6|subset=PHEXT+PRAD+PTEXT+XCO2I+XHINV+XTINV,133317,10,ok,{}
PSF,cardinality=6|subset=PHEXT+PRAD+PTEXT+PRGINT+XHINV+XTINV,133317,10,ok,{}
PSF,cardinality=6|subset=PHEXT+PRAD+PVV+XCO2I+PRGINT+XHINV,133317,10,ok,{}
PSF,cardinality=6|subset=PHEXT+PRAD+PVV+XCO2I+PRGINT+XTINV,133317,10,ok,{}
PSF,cardinality=6|subset=PHEXT+PRAD+PVV+XCO2I+XHINV+XTINV,133317,10,ok,{}
PSF,cardinality=6|subset=PHEXT+PRAD+PVV+PRGINT+XHINV+XTINV,133317,10,ok,{}
PSF,cardinality=6|subset=PHEXT+PRAD+XCO2I+PRGINT+XHINV+XTINV,133317,10,ok,{}
PSF,cardinality=6|subset=PHEXT+PTEXT+PVV+XCO2I+PRGINT+XHINV,133317,10,ok,{}
PSF,cardinality=6|subset=PHEXT+PTEXT+PVV+XCO2I+PRGINT+XTINV,133317,10,ok,{}
PSF,cardinality=6|subset=PHEXT+PTEXT+PVV+XCO2I+XHINV+XTINV,133317,10,ok,{}
PSF,cardinality=6|subset=PHEXT+PTEXT+PVV+PRGINT+XHINV+XTINV,133317,10,ok,{}
PSF,cardinality=6|subset=PHEXT+PTEXT+XCO2I+PRGINT+XHINV+XTINV,133317,10,ok,{}
PSF,cardinality=6|subset=PHEXT+PVV+XCO2I+PRGINT+XHINV+XTINV,133317,10,ok,{}
PSF,cardinality=6|subset=PRAD+PTEXT+PVV+XCO2I+PRGINT+XHINV,133317,10,ok,{}
PSF,cardinality=6|subset=PRAD+PTEXT+PVV+XCO2I+PRGINT+XTINV,133317,10,ok,{}
PSF,cardinality=6|subset=PRAD+PTEXT+PVV+XCO2I+XHINV+XTINV,133317,10,ok,{}
PSF,cardinality=6|subset=PRAD+PTEXT+PVV+PRGINT+XHINV+XTINV,133317,10,ok,{}
PSF,cardinality=6|subset=PRAD+PTEXT+XCO2I+PRGINT+XHINV+XTINV,133317,10,ok,{}
PSF,cardinality=6|subset=PRAD+PVV+XCO2I+PRGINT+XHINV+XTINV,133317,10,ok,{}
PSF,cardinality=6|subset=PTEXT+PVV+XCO2I+PRGINT+XHINV+XTINV,133317,10,ok,{}
PSF,cardinality=7|subset=PCO2EXT+PHEXT+PRAD+PTEXT+PVV+XCO2I+PRGINT,133317,10,ok,{}
PSF,cardinality=7|subset=PCO2EXT+PHEXT+PRAD+PTEXT+PVV+XCO2I+XHINV,133317,10,ok,{}
PSF,cardinality=7|subset=PCO2EXT+PHEXT+PRAD+PTEXT+PVV+XCO2I+XTINV,133317,10,ok,{}
PSF,cardinality=7|subset=PCO2EXT+PHEXT+PRAD+PTEXT+PVV+PRGINT+XHINV,133317,10,ok,{}
PSF,cardinality=7|subset=PCO2EXT+PHEXT+PRAD+PTEXT+PVV+PRGINT+XTINV,133317,10,ok,{}
PSF,cardinality=7|subset=PCO2EXT+PHEXT+PRAD+PTEXT+PVV+XHINV+XTINV,133317,10,ok,{}
PSF,cardinality=7|subset=PCO2EXT+PHEXT+PRAD+PTEXT+XCO2I+PRGINT+XHINV,133317,10,ok,{}
PSF,cardinality=7|subset=PCO2EXT+PHEXT+PRAD+PTEXT+XCO2I+PRGINT+XTINV,133317,10,ok,{}
PSF,cardinality=7|subset=PCO2EXT+PHEXT+PRAD+PTEXT+XCO2I+XHINV+XTINV,133317,10,ok,{}
PSF,cardinality=7|subset=PCO2EXT+PHEXT+PRAD+PTEXT+PRGINT+XHINV+XTINV,133317,10,ok,{}
PSF,cardinality=7|subset=PCO2EXT+PHEXT+PRAD+PVV+XCO2I+PRGINT+XHINV,133317,10,ok,{}
PSF,cardinality=7|subset=PCO2EXT+PHEXT+PRAD+PVV+XCO2I+PRGINT+XTINV,133317,10,ok,{}
PSF,cardinality=7|subset=PCO2EXT+PHEXT+PRAD+PVV+XCO2I+XHINV+XTINV,133317,10,ok,{}
PSF,cardinality=7|subset=PCO2EXT+PHEXT+PRAD+PVV+PRGINT+XHINV+XTINV,133317,10,ok,{}
PSF,cardinality=7|subset=PCO2EXT+PHEXT+PRAD+XCO2I+PRGINT+XHINV+XTINV,133317,10,ok,{}
PSF,cardinality=7|subset=PCO2EXT+PHEXT+PTEXT+PVV+XCO2I+PRGINT+XHINV,133317,10,ok,{}
PSF,cardinality=7|subset=PCO2EXT+PHEXT+PTEXT+PVV+XCO2I+PRGINT+XTINV,133317,10,ok,{}
PSF,cardinality=7|subset=PCO2EXT+PHEXT+PTEXT+PVV+XCO2I+XHINV+XTINV,133317,10,ok,{}
PSF,cardinality=7|subset=PCO2EXT+PHEXT+PTEXT+PVV+PRGINT+XHINV+XTINV,133317,10,ok,{}
PSF,cardinality=7|subset=PCO2EXT+PHEXT+PTEXT+XCO2I+PRGINT+XHINV+XTINV,133317,10,ok,{}
PSF,cardinality=7|subset=PCO2EXT+PHEXT+PVV+XCO2I+PRGINT+XHINV+XTINV,133317,10,ok,{}
PSF,cardinality=7|subset=PCO2EXT+PRAD+PTEXT+PVV+XCO2I+PRGINT+XHINV,133317,10,ok,{}
PSF,cardinality=7|subset=PCO2EXT+PRAD+PTEXT+PVV+XCO2I+PRGINT+XTINV,133317,10,ok,{}
PSF,cardinality=7|subset=PCO2EXT+PRAD+PTEXT+PVV+XCO2I+XHINV+XTINV,133317,10,ok,{}
PSF,cardinality=7|subset=PCO2EXT+PRAD+PTEXT+PVV+PRGINT+XHINV+XTINV,133317,10,ok,{}
PSF,cardinality=7|subset=PCO2EXT+PRAD+PTEXT+XCO2I+PRGINT+XHINV+XTINV,133317,10,ok,{}
PSF,cardinality=7|subset=PCO2EXT+PRAD+PVV+XCO2I+PRGINT+XHINV+XTINV,133317,10,ok,{}
PSF,cardinality=7|subset=PCO2EXT+PTEXT+PVV+XCO2I+PRGINT+XHINV+XTINV,133317,10,ok,{}
PSF,cardinality=7|subset=PHEXT+PRAD+PTEXT+PVV+XCO2I+PRGINT+XHINV,133317,10,ok,{}
PSF,cardinality=7|subset=PHEXT+PRAD+PTEXT+PVV+XCO2I+PRGINT+XTINV,133317,10,ok,{}
PSF,cardinality=7|subset=PHEXT+PRAD+PTEXT+PVV+XCO2I+XHINV+XTINV,133317,10,ok,{}
PSF,cardinality=7|subset=PHEXT+PRAD+PTEXT+PVV+PRGINT+XHINV+XTINV,133317,10,ok,{}
PSF,cardinality=7|subset=PHEXT+PRAD+PTEXT+XCO2I+PRGINT+XHINV+XTINV,133317,10,ok,{}
PSF,cardinality=7|subset=PHEXT+PRAD+PVV+XCO2I+PRGINT+XHINV+XTINV,133317,10,ok,{}
PSF,cardinality=7|subset=PHEXT+PTEXT+PVV+XCO2I+PRGINT+XHINV+XTINV,133317,10,ok,{}
PSF,cardinality=7|subset=PRAD+PTEXT+PVV+XCO2I+PRGINT+XHINV+XTINV,133317,10,ok,{}
PSF,cardinality=8|subset=PCO2EXT+PHEXT+PRAD+PTEXT+PVV+XCO2I+PRGINT+XHINV,133317,10,ok,{}
PSF,cardinality=8|subset=PCO2EXT+PHEXT+PRAD+PTEXT+PVV+XCO2I+PRGINT+XTINV,133317,10,ok,{}
PSF,cardinality=8|subset=PCO2EXT+PHEXT+PRAD+PTEXT+PVV+XCO2I+XHINV+XTINV,133317,10,ok,{}
PSF,cardinality=8|subset=PCO2EXT+PHEXT+PRAD+PTEXT+PVV+PRGINT+XHINV+XTINV,133317,10,ok,{}
PSF,cardinality=8|subset=PCO2EXT+PHEXT+PRAD+PTEXT+XCO2I+PRGINT+XHINV+XTINV,133317,10,ok,{}
PSF,cardinality=8|subset=PCO2EXT+PHEXT+PRAD+PVV+XCO2I+PRGINT+XHINV+XTINV,133317,10,ok,{}
PSF,cardinality=8|subset=PCO2EXT+PHEXT+PTEXT+PVV+XCO2I+PRGINT+XHINV+XTINV,133317,10,ok,{}
PSF,cardinality=8|subset=PCO2EXT+PRAD+PTEXT+PVV+XCO2I+PRGINT+XHINV+XTINV,133317,10,ok,{}
PSF,cardinality=8|subset=PHEXT+PRAD+PTEXT+PVV+XCO2I+PRGINT+XHINV+XTINV,133317,10,ok,{}
